call_idx,smiles,score,sa_raw
1,CCOC1(c2nnc(N3CCC(C)CC3)n2CCC2(C)CC2)CCOC1,0.6914441992274817,3.777002206953
2,Cc1ccc(NC(=O)C(=O)NC2CC(C)N(c3ccccc3)C2=O)cc1C(=O)N1CCCCC1,0.7632672603721953,3.130594656650
3,CCS(=O)(=O)CC(=O)N1CCC2(CCCN(C(=O)CCC(C)=O)C2)CC1,0.7616201091569127,3.145419017588
4,CCC(C)c1ccccc1N1CC(c2nc(Cc3cscn3)no2)CC1=O,0.7237298085765769,3.486431722811
5,O=C(COC(=O)C(F)(F)F)N1CCC(C2CCCCN2C(=O)Cc2cccc(F)c2)CC1,0.7868150207427451,2.918664813315
6,COc1ccc(NC(=O)c2cnn(-c3ccc(Br)cc3)c2C)nn1,0.8601174963892438,2.258942532497
7,Cc1cnc2c(c1)N(C(=O)COC1CCOCC1)CCN2,0.8051278701131134,2.753849168982
8,CC(C)CN(C(=O)C(=O)N1CCN(c2ncc(F)cn2)CC1)C1CCCC1,0.8167189552073812,2.649529403134
9,CCCC(C(=O)N1CCN(C(=O)C2(NC(N)=O)CC2)CC1)C(C)C,0.7592962809929751,3.166333471063
10,CC(C)(C)C1CCN(c2ccc([N+](=O)[O-])s2)CC1O,0.6941024029848492,3.753078373136
11,CCc1nn(C)c(CC)c1CNS(=O)(=O)C1CC1c1cccc(F)c1,0.7103143370231303,3.607170966792
12,COC(COC(=O)c1cccnc1OCC(F)F)c1ccc(F)cc1,0.7853446374288937,2.931898263140
13,O=C(c1ccc(F)cc1)N1CCOCC2(C1)CN(C(=O)c1cc3c(Cl)cccc3s1)CCO2,0.7137245995287905,3.576478604241
14,CC1C(CO)CCN1S(=O)(=O)c1ccc(CC#N)cc1F,0.7281515774355057,3.446635803080
15,CC(NC(=O)NC1CC2CC(=O)C1C2)C1CCCCCC1,0.6212214553109363,4.409006902202
16,CNC(=O)CCCN(C)c1nnc(-c2ccc3ccccc3n2)n1CC1CC1(C)C,0.7393599921454981,3.345760070691
17,CCCC(OC)C(=O)NC1(CNC(=O)c2ccc[nH]2)CCOCC1,0.729450890721482,3.434941983507
18,O=C(Nc1cnc2c(c1)COCC2)C(Oc1cccc(Cl)c1Cl)c1ccccc1,0.7829511754431098,2.953439421012
19,Cc1cc(C(=O)NCc2cnc(C)n(C)c2=O)ncc1[N+](=O)[O-],0.8165540588617439,2.651013470244
20,CN(Cc1nccn1Cc1ccccc1)S(=O)(=O)Cc1cc(F)cc(F)c1,0.845318347919932,2.392134868721
21,COc1ccc(CNC(=O)CCS(=O)(=O)C2CCCC2)c(C)c1OC,0.8429831588194665,2.413151570625
22,CN(Cc1nccn1C)C(=O)C1CC(=O)N(c2ccccc2Br)C1,0.7944981825429179,2.849516357114
23,CC(C)CN1CC2CN(c3nnc(-c4cccnc4)n3CC(=O)NC(C)C)CCN2C1=O,0.7410645933923177,3.330418659469
24,Cc1ncc(C(=O)NCC2OCC3CCN(C(=O)Cc4ccc5ccccc5c4)CC32)cn1,0.7119877591104369,3.592110168006
25,Cc1cnc2nc(C(=O)N3CCCC(OCCO)C3)nn2c1,0.7534356471823487,3.219079175359
26,O=C(COC(=O)COc1c(Cl)cccc1Cl)Nc1ccccc1Cl,0.901111522863209,1.889996294231
27,COC(COC(=O)c1csc(S(C)(=O)=O)c1)C(C)(C)C,0.7425252212974854,3.317273008323
28,O=C(Nc1ccc2nc(N3CCOCC3)[nH]c2c1)C(=O)NC1CCCC1,0.8494625353587385,2.354837181771
29,Cc1ccc(CN=C(O)c2csc(-c3ccc4c(c3)OCO4)n2)c(C)c1,0.8209067404869437,2.611839335618
30,CCS(=O)(=O)NC(C)C(=O)N1C2CCC1CC(NC(=O)C(C)(F)F)C2,0.611226096743831,4.498965129306
31,CCCC(C(=O)OCC)S(=O)(=O)N1CCC(C)(C)CC1,0.7655290116290697,3.110238895338
32,CNC(=O)c1cc(OC)ccc1NC(=O)CCCC(=O)NC(C)C,0.893000089497493,1.962999194523
33,CCCC(OC)C(=O)NC(C)(C)c1ccccc1Br,0.7780464579225256,2.997581878697
34,CC1C(CO)CCCN1C(=O)Nc1cc(F)cc(Cl)c1,0.767154866219527,3.095606204024
35,CCC(C)c1nnc(N2CCC(Oc3ccccc3Cl)C2)n1CC1(S(C)(=O)=O)CCCC1,0.6877201261871702,3.810518864315
36,O=C(c1c[nH]c(=O)[nH]1)N1CCOCC2(C1)CN(C(=O)C1C3Sc4ccccc4C31)CCO2,0.5696206280161119,4.873414347855
37,CCc1nn(C)cc1NCc1nc2ccccc2nc1C,0.8277539567041179,2.550214389663
38,CC(C)(C)Oc1ccc(CNC(=O)NC(CCO)C2CCOCC2)c(C(F)(F)F)c1,0.7545411723474101,3.209129448873
39,CCOC1(c2nnc(N3CCCN(CC)C(=O)C3)n2CC(=O)N(C)Cc2ccccc2)CCOC1,0.7147104210409151,3.567606210632
40,CC(NC(=O)Cc1cc(C(F)(F)F)ccn1)c1cccc(N2CCOC2=O)c1,0.7877762037913468,2.910014165878
41,O=C(COC1CCCCC1)NC1CC2CCC(C1)N2C(=O)CCc1cnc2[nH]ccc2c1,0.6447188238607774,4.197530585253
42,COc1ccc2c(c1)c(C)cn2C1CCCCC1=O,0.8028708587939855,2.774162270854
43,CNC(=O)CC(C)NC(=O)C(C)(C)NC(C)=O,0.7845540775406893,2.939013302134
44,O=C(Nc1n[nH]c2cncc(Br)c12)c1ccn2ccccc12,0.784863483816856,2.936228645648
45,CN(Cc1nnc(-c2ccccc2)o1)C(=O)C1CCN(S(=O)(=O)c2ccccc2)CC1,0.86475790021435,2.217178898071
46,Cc1ccc(C(N)=O)c(OC2CC3CCC2N(C(=O)OC(C)(C)C)C3)c1,0.6483955397587788,4.164440142171
47,CCc1nn(C)cc1N=C(O)C(CN)CC(C)C,0.6924510430782345,3.767940612296
48,CC(C)CN(C(=O)C1CC(=O)N(Cc2ccccc2)C1)C(C)C,0.8227974373696207,2.594823063673
49,Cc1cnc2c(C(=O)N(C)CC(C)NC(=O)C34CCCC3C4)cnn2c1,0.6648135798962702,4.016677780934
50,Cc1ncc(NC(=O)c2ccc(CCNS(C)(=O)=O)cc2)s1,0.8564492893023541,2.291956396279
51,COC(COC(=O)C1COc2ccc(O)cc2O1)c1ccc(Cl)cc1,0.7589589677955014,3.169369289840
52,CCCC(OCC)C(=O)N1CC2CN(c3cc(C)nc(CC)n3)CC2(C)C1,0.6559440226683965,4.096503795984
53,CCCC(C(=O)N1CCOC2(CCN(C(=O)c3cccc4c(=O)[nH]cnc34)C2)C1)n1cccc1,0.6371634992653348,4.265528506612
54,CC1C(CO)CCN1C(=O)Cc1cccc(OCc2ccccc2Cl)c1,0.7829524046950067,2.953428357745
55,CC(NC(=O)C1(F)CCN(C(=O)OCc2ccccc2)C1)c1cccc(S(N)(=O)=O)c1,0.748848435407124,3.260364081336
56,CC(C)(C)C1(C)NC(=O)N(CC(=O)Nc2cc3c(cc2Cl)OCCCO3)C1=O,0.75350439853857,3.218460413153
57,CCS(=O)(=O)CC(C)N(C)c1nnc(-c2ccc(C)o2)n1CC(C)c1c(C)noc1C,0.6598994320848648,4.060905111236
58,CCC(C)c1ccc(C(Nc2nc3c(cnn3C)c(=O)[nH]2)c2cccs2)cc1,0.7273613404652262,3.453747935813
59,CCOC1(c2nnc(N3CCCC(NC(C)=O)C3)n2CCSc2ccccc2)CCOC1,0.6930019734438562,3.762982239005
60,O=C(c1cncc(C(=O)N2CCc3ncccc32)c1)N1CCc2ncccc21,0.8160959096716282,2.655136812955
61,CN(Cc1nc2ccccc2c(=O)[nH]1)C(=O)Nc1cc(F)ccc1Oc1ccccc1,0.8600381076473662,2.259657031174
62,CNC(=O)C1(C)CCN(C(=O)C(=O)NC2CCN(C(=O)OC(C)(C)C)CC2C)C1,0.6951257482047616,3.743868266157
63,COc1ccc(C(=O)[O-])c(S(=O)(=O)NCCC(C)(C)C[NH+](C)C)c1,0.7105643648802301,3.604920716078
64,O=C(COC(=O)CNC(=O)c1cc(Cl)ccn1)Nc1cc(C(F)(F)F)ccc1N1CCOCC1,0.8386840981428316,2.451843116715
65,O=C(Nc1ccccc1)c1ccc(NCC2CCOC2c2cn[nH]c2)nc1,0.7399491872748017,3.340457314527
66,Cc1ncc(C(=O)OCCOC(C)C#N)c(C(C)C)n1,0.7503335162788574,3.246998353490
67,CC(C)CNC(=O)C(=O)NCC1CCN(C(=O)C(F)(F)c2ccco2)C1c1cccnc1,0.6953569013720351,3.741787887652
68,CCc1nn(C)c(C(=O)N(C)CC(C)C(=O)OC)c1N,0.7711660496998525,3.059505552701
69,Cc1ccc(C(=O)N2CCC(C3CCCCN3C(=O)Cc3ccc(C(F)(F)F)cc3)CC2)c(=O)[nH]1,0.7780795544789059,2.997284009690
70,COC(COC(=O)c1cnn(CCOC2CCCCO2)c1C)CC(C)C,0.7258796025989169,3.467083576610
71,Cc1cnc2c(c1)N(C(=O)Cc1c(C)nn(-c3ccccc3)c1C)CCO2,0.8312817529359686,2.518464223576
72,CC1C(CO)CCN1c1nc(-c2cccs2)nc2ccccc12,0.7525254528062096,3.227270924744
73,O=C(c1ccc(N2CCCS2(=O)=O)cc1)N1CCC(OCc2ccccn2)C1,0.7884313940901266,2.904117453189
74,CC(NC(=O)Nc1cnn(CC2CCCO2)c1)c1ccc(OCc2cccnc2)cc1,0.7703239882978826,3.067084105319
75,CCCC(OC)C(=O)NC1CN(c2cc(C)nc(CC)n2)CC1OCC,0.6893240324193939,3.796083708225
76,CC(C)(C)C1CCN(C(=O)CCCc2ccc3c(c2)CC(=O)N3)CC1O,0.7346648209574229,3.388016611383
77,CCCC(C(=O)Nc1ccc(C(=O)[O-])cc1OC)[NH+](C)C,0.679297345649586,3.886323889154
78,CCC(C)c1nnc(N(C)CCNS(=O)(=O)c2ccc(C)cc2)n1C1CC1C,0.704596949812937,3.658627451684
79,CCS(=O)(=O)Nc1ccccc1C(=O)NC(C)c1ccccc1C(F)(F)F,0.8224432323982259,2.598010908416
80,CCOC1(c2nnc(N(C)C(C)c3ccccc3F)n2CC(C)(O)c2ccco2)CCOC1,0.6229167861989399,4.393748924210
81,CN(Cc1ncccn1)C(=O)C1CN(C(=O)CCO)CC2CCCOC21,0.686346029416391,3.822885735252
82,O=C(COC(=O)c1csc(-c2ccccc2Cl)n1)Nc1ccc(Cl)cc1Cl,0.881221181928029,2.069009362648
83,CNC(=O)CC1(CNC(=O)C2=NOC3(CCN(C(=O)OC(C)(C)C)C3)C2)CCCCC1,0.6690598283439508,3.978461544904
84,COc1ccc(C(NC(=O)c2cc(C)n(C3CCCCC3)c2C)C(F)(F)F)cc1,0.7991975307544651,2.807222223210
85,Cc1ncc(CC(=O)NCC2CN(C(=O)Cc3ccco3)CC2C)o1,0.7086157391931179,3.622458347262
86,O=C(Nc1nccnc1-c1ccccc1)c1ccc(Cn2ccnc2)cc1,0.8717459187701344,2.154286731069
87,Cc1cnc2c(NC(=O)NCC3(O)CCCC3C)cccc2c1Cl,0.7278145674872791,3.449668892614
88,CC(C)CNC(=O)CN1c2ccccc2C(C)(C)C1C,0.7966318068771481,2.830313738106
89,CCc1nn(C)c(CC)c1CNC(=O)C(=O)NCc1ccc(-n2ccnc2)c(F)c1,0.8023721160205428,2.778650955815
90,Cc1ccc(CC(=O)NC2C3COCC2CN(C(=O)CC(=O)OC(C)(C)C)C3)o1,0.6256982978659508,4.368715319206
91,CC1C(CO)CCN1c1coc(-c2ccc(Cl)cc2)nc1=O,0.726278281477851,3.463495466699
92,COC(COC(=O)C1NC(=O)OC1C)C1CCCCC1,0.6758602304176508,3.917257926241
93,O=C(c1ccc2cc(Br)ccc2c1)N1CCOC2(CCN(C(=O)C(F)(F)Cl)C2)C1,0.6999619046409181,3.700342858232
94,CCS(=O)(=O)c1c[nH]c(=O)c(C(=O)NCC(NC(=O)OC(C)(C)C)C(C)C)c1,0.7688149193083551,3.080665726225
95,CC(NC(=O)Nc1cnccc1C(F)(F)F)c1nc2ccccc2s1,0.793617384681641,2.857443537865
96,CCCC(OC)C(=O)N1CCCCC1CNc1ncccn1,0.7519280786340996,3.232647292293
97,CC(C)(C)CC1CCCN1S(=O)(=O)c1ccc(-c2cnco2)cc1,0.7817542100974529,2.964212109123
98,CCCC(C(=O)NCc1csc(NC(=O)C(CC)C(C)O)n1)C(C)C,0.714516420939995,3.569352211540
99,CCC(C)c1nnc(Nc2cnn(C)c2)n1CC1(C)CCCC1,0.7157389345049643,3.558349589455
100,CCOC1(c2nnc(N(C)CC(C)CC)n2Cc2ccn(C)n2)CCOC1,0.6466851184488909,4.179833933960
101,O=C(COCc1ccccc1)N1CCCC1c1cccc(-c2ccccc2F)n1,0.8160709470440578,2.655361476603
102,O=C(Nc1cccc(COc2cccc(F)c2)c1)NC1CCN(c2nccs2)CC1,0.8608425122909392,2.252417389382
103,CN(Cc1ncnn1CC(F)F)c1ccncc1C(F)(F)F,0.7771039004835227,3.006064895648
104,COc1ccc(NC(=O)N(C)C(C)C(C)S(C)(=O)=O)cc1NC(=O)OC(C)(C)C,0.7496863370535909,3.252822966518
105,CNC(=O)N(C)c1ccc(NCc2ccc(NC(C)=O)cc2)cc1,0.8894417180411652,1.995024537630
106,Cc1ncc(CN(C)C(=O)NCC2CCCCS2)s1,0.7313739926971192,3.417634065726
107,CC(C)CN(c1nnc(CCOc2ccccc2)n1CC1CCOC(C)C1)C(C)C,0.7125971115237019,3.586625996287
108,CCc1nn(C)cc1-c1nnc(-c2cn(CCCC#N)c3ccccc23)o1,0.8001384039772351,2.798754364205
109,Cc1cnc2ccccc2c1NC(=O)c1nccnc1N,0.8627647259348872,2.235117466586
110,Cc1ccc(S(=O)(=O)Nc2ccc(C3CC3)cc2Cl)cc1C#N,0.866260171745276,2.203658454293
111,CCS(=O)(=O)NCCn1c(C(=O)Nc2ccc(C)c(C)c2)nnc1N1CC(C)SC(C)C1,0.7003320997691436,3.697011102078
112,CC(NC(=O)C(CO)NC(=O)OC(C)(C)C)C1CCOCC1,0.7727127643814974,3.045585120567
113,CC1C(CO)CCCN1c1nnc(C2CCN(CCC#N)CC2)n1CC1CC1,0.6948721096959953,3.746151012736
114,O=C(c1ccc(F)c2occc12)N1CCC(CNc2ncccn2)C1,0.7798678799398073,2.981189080542
115,CC(C)(C(=O)N1CCC2(CCCC2)C1)c1cccc(F)c1,0.7887898721908413,2.900891150282
116,COC(COC(=O)CCCOc1ccc2c(c1)CCC(=O)N2)C(C)(C)C,0.7747194591027414,3.027524868075
117,CCCC(OC)C(=O)NC1CCN(C(=O)Cc2ccc(C)nc2)C1,0.7628712839051897,3.134158444853
118,CCCC(C(=O)NCCCN1C(=O)NC(C)(C)C1=O)C(C)C,0.785443600531681,2.931007595215
119,CCC(C)c1ncc(NC(=O)N2CCN(c3ccc(C(=O)OC)s3)CC2)cn1,0.7658108403978431,3.107702436419
120,CCOC1(c2nnc(N3CCN(C)C(=O)C3)n2Cc2cc(C)on2)CCOC1,0.6907219187814848,3.783502730967
121,O=C(COC(=O)CCc1ncc(-c2ccc(F)cc2F)o1)NCC1Cc2ccccc2O1,0.7855498033514405,2.930051769837
122,O=C(Nc1cc(-c2cccs2)[nH]n1)C1CC1c1cc(F)ccc1F,0.7541907068573185,3.212283638284
123,CNC(=O)CCOc1ccc(NC(=O)NC(CN2CCCC2=O)c2cccc(C(F)(F)F)c2)cc1,0.7873125215118727,2.914187306393
124,CN(Cc1nccs1)C(O)=NC1CCCN(c2ccc(Cl)cc2Cl)C1=O,0.7254704601564822,3.470765858592
125,COc1cccc(N=O)c1C(C)(C)C,0.8315098725530334,2.516411147023
126,Cc1cnc2c(S(=O)(=O)N3CCN(C(=O)NCC4CCCC(C)C4)CC3)cccc2c1,0.7574310504664834,3.183120545802
127,Cc1ncc(C(=O)Nc2nc(C3CC4CCC3C4)cs2)s1,0.6267794312508053,4.358985118743
128,Cc1ccc(NC(=O)C(=O)N2CCCC2C(=O)NCc2ccco2)cc1C(F)(F)F,0.7939702507623834,2.854267743139
129,CCc1nn(C)cc1S(=O)(=O)N1CCOCC1C#N,0.7142057919519955,3.572147872432
130,CC(C)CN(C(=O)C(F)(F)c1nccs1)c1ccc(Cl)cc1,0.8074749261245484,2.732725664879
131,O=C(c1cc(F)c(O)c(Cl)c1)N1CC2CCCC2C1,0.7744533463810757,3.029919882570
132,CCS(=O)(=O)NCCS(=O)(=O)NC(C(=O)N(C)Cc1nnc2n1CCC2)C(C)C,0.7327905386440113,3.404885152204
133,CC(NC(=O)OC(C)(C)C)C(=O)N1CCC(C2CCCCN2C(=O)c2cccc3ncccc23)CC1,0.7565899191160478,3.190690727956
134,CC(C)(C)c1csc(C2(F)CCNCC2)n1,0.7570791903847619,3.186287286537
135,COC(COC(=O)c1cccc(OCC(F)F)n1)Cc1ccccc1,0.7841723575960504,2.942448781636
136,CC1C(CO)CCN1S(=O)(=O)C1CCC(C(F)(F)F)CC1,0.6968256134871734,3.728569478615
137,CCCC(C(=O)NC1CSCC1C)c1cccc(Cl)c1,0.714016823824244,3.573848585582
138,CCCC(OC)C(=O)N(C)C1CCCN(C(=O)c2nc(C)[nH]c2C)C1,0.712434928537328,3.588085643164
139,CCC(C)c1ccccc1OCC(=O)N(C)CCc1ncc(C)s1,0.789607482198486,2.893532660214
140,O=C(COCCO)NC1COC2CN(C(=O)Nc3ccc(Cl)cc3Cl)CC12,0.7058155962176544,3.647659634041
141,O=C(Nc1cc(F)ccc1Oc1ccccc1)C(=O)N1CCN(C(=O)c2ccccn2)CC1,0.8643569868585986,2.220787118273
142,CCOC1(c2nnc(N3CCC(N(C)C(=O)OC(C)(C)C)C3)n2CC(C)(C)C(=O)NC)CCOC1,0.6455485188380169,4.190063330458
143,CNC(=O)CCC1CCCCN1C(=O)NCC(c1ccc(Cl)cc1)C(C)C,0.764373161633776,3.120641545296
144,COc1ccc(CN2CCCN(c3nnc(CN4CCCC4=O)n3CC(C)(O)C(C)C)CC2=O)cc1,0.7328898691002426,3.403991178098
145,CN(Cc1nc(C(F)(F)F)cs1)C(=O)NCC1CCCC(C(F)(F)F)C1,0.7148416829842849,3.566424853141
146,Cc1ccc(C)c(Oc2ccc(CNC(=O)C(=O)NCc3nnc(C)s3)cn2)c1,0.8345821548528636,2.488760606324
147,Cc1ncc(-c2ccc(S(=O)(=O)Nc3nccs3)cn2)s1,0.8243695977297588,2.580673620432
148,CC(C)CN1CCN(c2nnc(Cc3ccncc3)n2CC(C)(C)NC(=O)OC(C)(C)C)C(C)C1=O,0.7118629452461618,3.593233492785
149,CCc1nn(C)cc1CNC(=O)N1CCOC(c2cccc(F)c2)C1,0.7743842752558554,3.030541522697
150,O=C(c1ccc(Cl)cc1)N1CCCC(C(O)=NC2CCS(=O)(=O)C2)C1,0.7351009272445032,3.384091654799
151,CCS(=O)(=O)N(C)CCCn1c(-c2ccccn2)nnc1N1CC(C)CC(C)C1,0.7224516248028787,3.497935376774
152,CC(NC(=O)c1ccoc1)C(=O)N1CCc2c(Cl)cc(F)cc2C1,0.777912878294927,2.998784095346
153,COC(COC(=O)C1CCN(c2noc3ccc(Cl)cc23)CC1)C1CCOCC1,0.7495370728790073,3.254166344089
154,CCC(C)c1ccc(C(=O)NS(=O)(=O)C2(COC)CC2)cc1,0.7812462305725931,2.968783924847
155,CC1C(CO)CCCN1C(=S)Nc1ccc(S(=O)(=O)N2CCOCC2)cc1,0.7587304625784455,3.171425836794
156,CCCC(C(=O)Nc1nc2c(s1)CC(NC(=O)CCc1cccnc1C)CC2)n1cccc1,0.7085331501001079,3.623201649099
157,CCCC(OC)c1noc(-c2nn(C3CCOCC3)cc2C)n1,0.7118499404221239,3.593350536201
158,O=C(COC(=O)c1ccc(OCC(F)F)nc1)Nc1ncc(C(F)(F)F)cc1Cl,0.8237593557933247,2.586165797860
159,O=C(Nc1cccc(-c2cccs2)c1)C(=O)N1CCN(c2ncccc2F)CC1,0.8535600026148578,2.317959976466
160,CNC(=O)Nc1cccc(C(=O)NCCCC2CCCC2)c1,0.8980759151355373,1.917316763780
161,COc1ccc(C(C)N(C)C(=O)NCCn2c(=O)[nH]c3ccccc32)cc1,0.8148825591133276,2.666056967980
162,CN(Cc1nccn1Cc1ccccc1)C(=O)C1C2CC2CN1C(=O)OC(C)(C)C,0.7167377950103802,3.549359844907
163,Cc1ccc(N2CC(C)N(C(=O)CCc3nc(-c4ccccc4)no3)CC2=O)cc1C,0.7947966637477768,2.846830026270
164,CCOC1(c2nnc(N3CCCC(C)(OC)CC3)n2CC(C)(O)c2ccco2)CCOC1,0.6066704229313802,4.539966193618
165,Cc1ncc(-c2ccc(NC(=O)C(=O)NCC(=O)NCCO)cc2)o1,0.8576488125859897,2.281160686726
166,CCc1nn(C)c(OC)c1Cn1c(CC(C)(C)C)nnc1N1CCN(C(=O)c2ccccn2)CC1,0.7789937453345888,2.989056291989
167,CC(C)CNc1ncccc1-c1ccccc1N,0.8764058274790282,2.112347552689
168,O=C(c1ccncc1F)N1CC2CCN(CC(F)(F)C(F)F)CC2C1,0.7145377483943677,3.569160264451
169,CC(NC(=O)CC1CCCCC1)c1nc(-c2ccc(N)cc2)no1,0.8126480020074681,2.686167981933
170,CCS(=O)(=O)CCn1cc(C)c(NC(=O)c2ccc(C)c(S(C)(=O)=O)c2)n1,0.8208810897103054,2.612070192607
171,Cc1cnc2ncc(-c3c(F)cccc3OCc3ccccc3)cc2n1,0.8555204300955805,2.300316129140
172,COC(COC(=O)Cc1csc(-c2ccccc2Cl)n1)C1CCOCC1,0.7727429462822286,3.045313483460
173,CCC(C)c1nc(C)c(CC(=O)NC2CC2C2CCOCC2)c(C)n1,0.6916116710630065,3.775494960433
174,CC1C(CO)CC[NH+]1Cc1ccc(F)c(-c2nn[n-]n2)c1,0.49552344521776476,5.540288993040
175,O=C(COC(=O)COc1cccc2ccccc12)NC(=O)NC1CCCCC1,0.8841746602796472,2.042428057483
176,CCCC(C(=O)OCCNC(=O)C1CCCC1)c1cccc(Cl)c1,0.8230133341603961,2.592879992556
177,CCCC(OC)C(=O)NC1(CNC(=O)c2ccccc2)CCOCC1,0.7781899090586722,2.996290818472
178,O=C(Nc1nccnc1-c1ccccc1)C1CCC(F)(F)C1,0.7887206288673302,2.901514340194
179,CNC(=O)Nc1cccc(NC(=O)c2csc(-c3ccc(C(C)C)cc3)n2)c1,0.8786473927979492,2.092173464818
180,COc1ccc(CNC(=O)C2(C)CC(O)CN2C(=O)OCc2ccccc2)c(OC)c1OC,0.7439652835273214,3.304312448254
181,CC(C)CNc1ncccc1OCc1ccccc1F,0.8873617627252879,2.013744135472
182,CN(Cc1nnc(-c2cccc(Br)c2)o1)C1CS(=O)(=O)c2ccc(Cl)cc21,0.7481995631619106,3.266203931543
183,CC(C)(C)OC(=O)N1CCC2C1CCN2S(=O)(=O)Cc1c(F)cccc1F,0.7347931546088375,3.386861608520
184,Cc1ccc(S(=O)(=O)Nc2cccc3occc23)c2ccccc12,0.872862204238939,2.144240161850
185,Cc1ncc(-c2ccc(NC(=O)CNC(C)C)cc2)o1.Cl.Cl,0.853135483153726,2.321780651616
186,CCc1nn(C)cc1NCc1ccoc1,0.80078493074709,2.792935623276
187,CCOC1(c2nnc(N3CCN(CC(F)F)CC3)n2CCc2sccc2C)CCOC1,0.6939536312185085,3.754417319033
188,CC(NC(=O)CC1CCCCC1)C(=O)NC1CCOC1c1ccc(=O)[nH]c1,0.7058569390853129,3.647287548232
189,Cc1cnc2ccccc2c1NC(=O)N1CC(C(N)=O)C(c2cnn(C)c2)C1,0.7337562942140089,3.396193352074
190,CCS(=O)(=O)Nc1ccc(C2CCCN2C(=O)Cc2ccc(F)cc2)cc1,0.8299023971700077,2.530878425470
191,CCCC(C(=O)OCCNC(=O)C1CC1)c1ccc(Cl)cc1,0.832911761596168,2.503794145634
192,O=C(c1cncc(C(=O)N2CCC(F)(CO)C2)c1)N1CCC(F)(CO)C1,0.6837137525813546,3.846576226768
193,O=C(COC(=O)c1csc(C2CCCO2)n1)NC1CCOc2ccccc21,0.7512150830878492,3.239064252209
194,COC(COC(=O)c1cccc(SC)n1)CC(C)C,0.7719421824845399,3.052520357639
195,CNC(=O)c1cc(OC)c(OC)cc1NC(=O)Cc1cccc(F)c1[N+](=O)[O-],0.8535926164949719,2.317666451545
196,O=C(Nc1cc(F)ccc1Cl)NC1COc2cc(F)c(Br)cc21,0.794490565422124,2.849584911201
197,CCC(C)c1ccccc1OCC(=O)Nc1cccc(NC(=O)c2ccncc2)c1,0.8402203337418863,2.438016996323
198,CC(C)CN(C(=O)C1CCCC(C)C1)c1c(O)nc(=O)n(CC(C)C)c1N,0.6999506830012974,3.700443852988
199,CCCC(OC)C(=O)NCCN(C)C(=O)c1ccc(N(C)C)nc1,0.7804210369101349,2.976210667809
200,CC1C(CO)CCN1C(=O)Nc1ccc2c(c1)CN(CC(F)(F)F)C2,0.7311156748157726,3.419958926658
201,Cc1ccc(C)c(Oc2ccc(CNC(=O)C3CCS(=O)(=O)C3)cn2)c1,0.8032987004093799,2.770311696316
202,COc1cccc(N=O)c1C#N,0.8280869904574042,2.547217085883
203,CN(Cc1nc2ccccc2n1C)c1nc(Cc2ccccc2)ns1,0.8470303450261523,2.376726894765
204,Cc1ncc(NC(=O)c2csnc2C)c(C2CC2)n1,0.7886223637980339,2.902398725818
205,CC(C)(C(=O)N1CCCC(Nc2nccc(-c3ccc4c(c3)OCO4)n2)C1)c1ccc(O)cc1.Cl,0.7628748639313581,3.134126224618
206,CCc1nn(C)c(CC)c1CC(=O)N1CCc2[nH]nc(-c3ccccc3)c2C1,0.8101271104220973,2.708856006201
207,CCC(C)c1ccc(C(=O)N(C)C2CS(=O)(=O)c3ccc(Cl)cc32)cc1,0.7443503813281946,3.300846568046
208,CCCC(C(=O)NCCCNc1ccc(C#N)nc1)C(C)C,0.7815437918609849,2.966105873251
209,CCS(=O)(=O)CCn1c(C2CCS(=O)(=O)C2)nnc1N1CCCOC(C)C1,0.6953834180440324,3.741549237604
210,CC(NC(=O)Nc1cnc(C(F)(F)F)nc1)c1nnc2n1CCCCC2,0.7637593958782947,3.126165437095
211,Cc1cnc2ncc(-c3cc4c(=O)[nH]cnc4cc3N3CCC(O)C3)cc2n1,0.7310046134633461,3.420958478830
212,CNC(=O)N(C)c1ccc(NC(=O)N2Cc3cc(F)c(F)cc3C2)cc1,0.8424321934783967,2.418110258694
213,O=C(COC(=O)CNC(=O)c1ccc2c(c1)OCO2)Nc1cc(Cl)ccc1Cl,0.8823572272672773,2.058784954595
214,CCOC1(c2nnc(N3CCC(CC)C3)n2CC2CCS(=O)(=O)C2)CCOC1,0.641300188679334,4.228298301886
215,O=C(c1ccc(N2CCC(O)CC2)cc1)N1CCC(c2nc3cc(Cl)ccc3o2)CC1,0.8494242038732378,2.355182165141
216,O=C(Nc1cccc(COc2ccccc2)c1)C1CCCN(C(=O)Cc2ccccc2)C1,0.8497187850635307,2.352530934428
217,COC(COC(=O)CCCOc1ccc(C#N)cc1)C(C)(C)C,0.7983610515332352,2.814750536201
218,CC(C)CN(C(=O)C(F)(F)c1c(F)cccc1F)C1CC1,0.8049601571703183,2.755358585467
219,CCCC(OC)C(=O)NCC1(Nc2ncccn2)CCCCCC1,0.7487891391312138,3.260897747819
220,Cc1ccc(CN=C(O)c2ccc3scnc3c2)c(OC2CCOC2)c1,0.7485623740824986,3.262938633258
221,COc1ccc(C(C)N(C)C(=O)C(=O)NCC(C)(C)c2cccnc2)cc1,0.78357949532079,2.947784542113
222,CN(Cc1nccn1C)C(=O)c1ccc2c(c1)CCOC2,0.8396754951656563,2.442920543509
223,CC1C(CO)CCCN1C(=O)NC1CCN(C(=O)c2ccoc2)CC1,0.7430484585864006,3.312563872722
224,Cc1ncc(-c2ccc(S(C)(=O)=O)cc2)cn1,0.8936956389335187,1.956739249598
225,CC(C)(C)CC1CCCN1C(=O)c1cn[nH]c(=O)c1,0.7712954369224094,3.058341067698
226,CCc1nn(C)cc1-c1noc(C2CCN(C)c3ccccc32)n1,0.7482203542928637,3.266016811364
227,O=C(c1ccc(F)c2occc12)N1CCN(c2cccc(F)c2F)CC1,0.8478101445063477,2.369708699443
228,O=C(COC(=O)c1cccc(S(=O)(=O)N2CCCc3ccccc32)c1)NC1CCS(=O)(=O)C1,0.7936375299487336,2.857262230461
229,CCC(C)c1ncc(NC(=O)c2cc(C)ccc2S(N)(=O)=O)cn1,0.7896844688627976,2.892839780235
230,CNC(=O)CCOc1ccc(NC(=O)N2CCC(C(=O)NC)CC2)cc1,0.8812999431564204,2.068300511592
231,CCCC(C(=O)OCC)S(=O)(=O)N(C)C1CCCC1c1ccc(C(F)(F)F)cc1,0.7003109732361403,3.697201240875
232,CCS(=O)(=O)c1c[nH]c(=O)c(C(=O)NC(C(C)C)C2(CO)CCCC2)c1,0.7125862722895547,3.586723549394
233,CC(NC(=O)Cc1cc(F)ccc1Br)c1noc(-c2ccc(Cl)cc2)n1,0.8056546540447856,2.749108113597
234,Cc1cnc2c(c1)N(C(=O)CC1CCOC(C(C)C)C1)CCO2,0.7090685632892973,3.618382930396
235,O=C(Nc1cccc(-c2ccc3c(c2)CCO3)c1)C(=O)NC1CCOC2(CCSC2)C1,0.669235349911708,3.976881850795
236,COC(COC(=O)Cc1cc(-c2ccccc2)on1)c1ccc(F)cc1,0.8103214078206901,2.707107329614
237,Cc1ncc(C(=O)OCC(=O)c2cc(C)n(CC(F)(F)F)c2C)c(C)n1,0.8274026691380028,2.553375977758
238,CC(C)CNC(=O)CN1CC[NH+](C(CC(C)C)C(=O)[O-])CC1,0.6337077690341314,4.296630078693
239,Cc1ccc(N2CC(C)N(C(=O)C(=O)NC(C)C)CC2=O)cc1F,0.7828099829160523,2.954710153756
240,COc1ccc2c(c1)c(C)c(C#N)n2C(C)C(=O)N(C)C,0.7686322357594759,3.082309878165
241,CCOC1(c2nnc(N3CCCCCC3)n2Cc2ccc(F)c(Cl)c2)CCOC1,0.7402414684834028,3.337826783649
242,CN(Cc1ncnn1CC(F)F)c1nnc(C2CCCC2)n1CC1COCCO1,0.698506486798421,3.713441618814
243,CCCC(OC)C(=O)NC1CCN(C(=O)c2cn[nH]c2)CC1(C)C,0.6989282055904693,3.709646149686
244,CC1C(CO)CCCN1C(=O)NCc1cccc(N2C(=O)NC3(CCCC3)C2=O)c1,0.682686252462275,3.855823727840
245,CC(C)(C)c1csc(CNC(=O)c2ccccc2Oc2ccccc2C#N)n1,0.8511136050666932,2.339977554400
246,CNC(=O)CC(C)NC(=O)NCc1cccc(NC(=O)C2CCCCC2)c1,0.8266455145789146,2.560190368790
247,O=C(c1cc(F)c(O)c(Cl)c1)N1CCSCC1,0.8499722346781997,2.350249887896
248,CCc1nn(C)c(OC)c1Cn1c(CC)nnc1N1CCC(C)C1,0.7401617875945826,3.338543911649
249,O=C(COCc1ccccc1)N1CCC(C2CCCCN2C(=O)c2cc3cc[nH]c3cc2F)CC1,0.7793331389896332,2.986001749093
250,CCC(C)c1ccc(C(Nc2nnc(C)c(C)n2)C(C)C)cc1,0.7551316270631303,3.203815356432
251,CCCC(C(=O)NCc1ccc(N2CCOC2=O)cc1)c1ccccc1,0.8254953565386389,2.570541791152
252,COC(COC(=O)C1COc2ccc(Cl)cc2C1)C1CCOCC1,0.7319730925875303,3.412242166712
253,CC(NC(=O)c1ccoc1)C(=O)Nc1c2c(nn1C)CCC2,0.7715181277841842,3.056336849942
254,Cc1ncc(CN(C)C(=O)C2(F)CCN(C(=O)OCc3ccccc3)C2)s1,0.7570497655910603,3.186552109680
255,CCS(=O)(=O)NCCS(=O)(=O)NCC(C)Oc1cccc(F)c1,0.7831184267744812,2.951934159030
256,Cc1cnc2c(S(=O)(=O)NCc3nn(C)cc3Cl)cccc2c1,0.8283946993704289,2.544447705666
257,O=C(Nc1ccc2nc(N3CCOCC3)sc2c1)C(=O)N1CCC(n2cncn2)CC1,0.8117223554652357,2.694498800813
258,CC(C)(C)Oc1ccc(NC(=O)C2CCCN(C(=O)COc3ccccc3)C2)cc1C(N)=O,0.812735176224851,2.685383413976
259,CC(C)CN1CC2CN(c3nnc(C(C)C)n3Cc3cccc(COC(C)(C)C)c3)CCN2C1=O,0.7272101149346502,3.455108965588
260,Cc1ccc(NC(=O)C(C)C)cc1NC(=O)N1CCCS(=O)(=O)CC1C1CC1,0.7875914430729828,2.911677012343
261,CCOC1(c2nnc(N3CCC(C(N)=O)C3)n2CCC2(O)CCOCC2)CCOC1,0.6531460076617637,4.121685931044
262,COc1ccc(C(NC(=O)Nc2c(C)cc(Br)cc2C)c2nccn2C)cc1,0.8071426732193545,2.735715941026
263,CN(Cc1nccs1)C(O)=NCC(=O)N1CCC(Cc2ccccc2)CC1,0.8002591140364065,2.797667973672
264,CCCC(OC)C(=O)N1CC2CN(c3nccnc3C#N)CC2C1,0.6854424298501002,3.831018131349
265,CNC(=O)CCC1CCCCN1C(=O)C1CCc2nncn2CC1,0.7342847982731491,3.391436815542
266,CC1C(CO)CCN1c1ncc2c(n1)-c1ccccc1CC2,0.7383974734753695,3.354422738722
267,O=C(COC(=O)CCc1cc(Br)cs1)NC(=O)c1ccccc1,0.8782192888674702,2.096026400193
268,O=C(c1ccc(Cl)cc1)c1cc(F)ccc1OC1C=CS(=O)(=O)C1,0.7797188484441809,2.982530364002
269,CCc1nn(C)cc1CNC(=O)C(=O)NCC1CC1c1cccc(OC)c1,0.7451351184488907,3.293783933960
270,CCC(C)c1nnc(Nc2c(C)n[nH]c2C)n1CC1CCCCO1,0.7017809685138207,3.683971283376
271,CCCC(C(=O)NC1CS(=O)(=O)CC1C)S(N)(=O)=O,0.6524430683104168,4.128012385206
272,Cc1ccc(C(C)C(=O)N2CC(C)C(CNC(=O)c3cnc(C)s3)C2)o1,0.6858483913937528,3.827364477456
273,O=C(Nc1n[nH]c2cncc(Br)c12)C1CC(=O)N(c2nccs2)C1,0.7315358503909687,3.416177346481
274,Cc1cnc2nc(C(=O)N(C)C3CCSc4ccc(Br)cc43)nn2c1,0.7160211116588892,3.555809995070
275,CC(NC(=O)C(CO)NC(=O)OC(C)(C)C)c1ccc2[nH]c(=O)[nH]c2c1,0.7698937708963729,3.070956061933
276,CCS(=O)(=O)N(C)CCCNC(=O)NC1CCCC(S(C)(=O)=O)C1,0.7327704622921013,3.405065839371
277,CC(C)(C)C1(C)NC(=O)N(CC(C#N)CCC#N)C1=O,0.6549830749338895,4.105152325595
278,CC(C)CN(c1nnc(C(=O)N2CCCC2)n1CC1(C)CCOC1C1CC1)C1CCCC1,0.6608263401441533,4.052562938703
279,Cc1ccc(C(=O)N2CCCC(C(=O)N3CCC(NS(C)(=O)=O)C3)C2)cc1,0.7906617770183915,2.884044006834
280,COc1ccc(NC(=O)NC2CCCC2F)cc1Oc1ccc(C)nn1,0.7570748579174598,3.186326278743
281,CN(Cc1nccn1Cc1ccccc1)c1nc(-c2ccc(F)cc2)cs1,0.8615311086435522,2.246220022208
282,CCOC1(c2nnc(N3CCC(C(N)=O)C3)n2CCc2cc(Br)ccc2F)CCOC1,0.6856791273895602,3.828887853494
283,O=C(COCCO)NC1COCCC12OCCO2,0.6735392538044861,3.938146715760
284,CNC(=O)C1(C)CCN(c2nnc(C3CCOC3)n2CCc2sc(C)nc2C)C1,0.6736411738265741,3.937229435561
285,CCCC(OC)C(=O)N(C)C(C)C[NH2+]Cc1ccc(F)c(-c2nn[n-]n2)c1,0.5512902898389043,5.038387391450
286,O=C(c1ccncc1F)N1CCC2CCN(C(=O)C(F)C(F)(F)F)C2C1,0.693928170495715,3.754646465539
287,CC1C(CO)CCN1c1cc(S(=O)(=O)N2CCCC2)ccn1,0.7423874626192901,3.318512836426
288,CCc1nn(C)c(C(=O)NCC2CCN(C(=O)C3CCC(C)O3)C2c2cccnc2)c1Br,0.6431833954769615,4.211349440707
289,CCC(C)c1nnc(N(CC)Cc2ccc(C(=O)N(C)C)cc2)n1CC(C)(O)C1CCCCC1,0.7022408385227682,3.679832453295
290,Cc1ncc(CC(=O)NCC23CCCOC2CCN(C(=O)c2ccc(F)c(F)c2C)C3)s1,0.6822158526828966,3.860057325854
291,O=C(Nc1cc(-c2ccccn2)no1)c1ccc(OCC(F)(F)F)cn1,0.8272026600988632,2.555176059110
292,Cc1cnc2c(NC(=O)N3CCOCC3CO)cccc2c1Cl,0.7692894670493428,3.076394796556
293,CCCC(C(=O)Nc1nc2c(s1)CC(NC(=O)C(C)NC(=O)NCC)CC2)n1cccc1,0.6892189530337564,3.797029422696
294,CC(NC(=O)Nc1cnns1)c1ccc(N2CCCCC2=O)cc1,0.7743349585292072,3.030985373237
295,COC(COC(=O)c1csc(-c2ccco2)n1)c1ccc(F)cc1,0.7928627177265314,2.864235540461
296,CCS(=O)(=O)NCCn1c(-c2sc(N3CCOCC3)nc2C)nnc1N(C)C(C)CC#N,0.7000381840962454,3.699656343134
297,Cc1ccc(C(N)=O)cc1OC(=O)c1ccc(CNC(=O)C2CCCC2)cc1,0.890963264268251,1.981330621586
298,CN(Cc1nc(C(F)(F)F)cs1)c1nnc(CCCCCO)n1C,0.7751953450112102,3.023241894899
299,COc1ccc(CN2CCCN(c3nnc(C4CCOC4)n3CCS(=O)(=O)NC(C)C)CC2=O)cc1,0.7339926094195233,3.394066515224
300,CC(C)CN1CCN(c2nnc(C3CCS(=O)(=O)C3)n2CC2CCC(C)C2)C(C)C1=O,0.6393962127470049,4.245434085277
301,CC1(CNC(=O)C(=O)NCC2CCc3ccccc3C2)CCCN(C(=O)OC(C)(C)C)C1,0.7322205141637378,3.410015372526
302,O=C(COC1CCCCC1)N1CCC(C2CCCCN2C(=O)Cc2cc([N+](=O)[O-])ccc2F)CC1,0.7705671902716844,3.064895287555
303,CNC(=O)CC1(CNC(=O)NC(COC)c2ccc(Cl)cc2)CCCCC1,0.7783487534453113,2.994861218992
304,CCOC1(c2nnc(N(C)C(C)c3ccc(F)c(F)c3)n2CCC(=O)NC(C)C)CCOC1,0.6749749439338044,3.925225504596
305,O=C(c1ccc2cc(Br)ccc2c1)N1CCC(OCc2ccncc2)C1,0.8227220906816888,2.595501183865
306,Cc1ccc(CC(=O)NC2CC3CCC(C2)N3C(=O)c2ccn3c(C)cc(C)nc23)cn1,0.646339046518643,4.182948581332
307,O=C(Nc1ccccc1)c1ccc(OS(=O)(=O)c2cscc2Br)cc1,0.8622172756721993,2.240044518950
308,CC1C(CO)CCN1S(=O)(=O)c1c(F)cc(F)cc1F,0.7349704144448866,3.385266269996
309,CCCC(OC)c1noc(-c2ccc3[nH]ccc3n2)n1,0.742415233539885,3.318262898141
310,CCc1nn(C)cc1S(=O)(=O)Oc1cccc(-c2ccccn2)c1,0.8391668176562123,2.447498641094
311,Cc1ncc(C(=O)Nc2ccc(C3CC(=O)NC(=O)C3)cc2)c(Cl)c1Cl,0.834270868692072,2.491562181771
312,CCC(C)c1nc(C)c(CC(=O)OCCC(C)SC)c(C)n1,0.7112381881103108,3.598856307007
313,Cc1cnc2c(C(=O)Nc3cc(C4CCCCN4C(=O)C(=O)N(C)C)[nH]n3)cnn2c1,0.7284783513130851,3.443694838182
314,CC(NC(=O)OC(C)(C)C)c1ccc(C(=O)Nc2ccccc2SCCC(N)=O)cc1,0.8178878546157325,2.639009308458
315,COC(COC(=O)c1cn(C)nc1C1CCCCC1)c1ccc(F)cc1,0.777268315651598,3.004585159136
316,CCCC(C(=O)Nc1ccccc1Br)c1ccc(Cl)cc1,0.8559948265585076,2.296046560973
317,CCS(=O)(=O)CC(C)n1c(-c2nn(C)c(=O)c3ccccc23)csc1=NC(C)COC,0.6755990636297905,3.919608427332
318,CN(Cc1ncccn1)C(=O)C1CCCC12CCN(C(=O)C1CCCO1)C2,0.6331746584439577,4.301428074004
319,COc1ccc(C(=O)[O-])c(NC(=O)N2CC[NH2+]C3(CCOCC3)C2)c1OC,0.6394615064817486,4.244846441664
320,CC(C)CNC(=O)C(=O)NCC12CCCOC1CCN(C(=O)C1CCC(F)(F)C1)C2,0.6458351448492964,4.187483696356
321,CC(C)(C)C1CCN(C(=O)CNC(=O)CCC2CCCC2)C1,0.8076212193515272,2.731409025836
322,O=C(COC(=O)COc1ccc(F)cc1)NCCOc1ccc(F)cc1,0.9089251133213163,1.819673980108
323,CNC(=O)Nc1cccc(C(=O)N2CCOCC2C#N)c1,0.7895974341204371,2.893623092916
324,O=C(c1c[nH]c(=O)[nH]1)N1CCC(C2CCCCN2C(=O)c2cc3ncccc3[nH]2)CC1,0.7525137771898903,3.227376005291
325,O=C(Nc1cccc(COc2ccc3c(c2)OCO3)c1)N1CCOC(COCC2CC2)C1,0.7891284413646762,2.897844027718
326,CCc1nn(C)cc1N=C(O)c1ccc(N)c(Cl)c1,0.7876305250127262,2.911325274885
327,CCCC(C(=O)N1CCOC2(CCN(C(=O)c3n[nH]c4ccccc34)C2)C1)n1cccc1,0.6543343314310351,4.110991017121
328,Cc1ncc(-c2ccc(SC(=O)N(C)C)cn2)cc1C(F)(F)F,0.8032922722612477,2.770369549649
329,Cc1ccc(S(=O)(=O)NC(C)C(=O)NCC2(C)OCCc3sccc32)cc1,0.7274814693260837,3.452666776065
330,CCOC1(c2nnc(N3CC(C)OC(C(F)(F)F)C3)n2Cc2sc(C)nc2C)CCOC1,0.6086000343743883,4.522599690631
331,CC1C(CO)CCCN1c1nnc(-c2cncc(N3CCCC3)c2)n1CC1CC1,0.7053713846726386,3.651657537946
332,CC(NC(=O)C1(F)CCN(C(=O)OC(C)(C)C)C1)c1ccc(OCc2cccnc2)cc1,0.7439418624783446,3.304523237695
333,CCCC(OC)C(=O)NC(CNc1nnc(CC)c(CC)n1)C1CC1,0.6936806692416364,3.756873976825
334,Cc1cnc2c(c1)cc1n2CC(C)C(Cc2ccc(Cl)cc2)N(C)C1=O.Cl.O,0.6973612250806106,3.723748974275
335,CCC(C)c1nnc(N2CCCC2c2ccsc2)n1CC(C)(O)CCC(C)C,0.6567057113617795,4.089648597744
336,COC(COC(=O)C1NC(=O)OC1C)C1CCOCC1,0.6576681974506177,4.080986222944
337,O=C(COC(=O)CNC(=O)c1cc(F)cc(F)c1)NCC1(c2ccccc2)CCOCC1,0.8395011232033068,2.444489891170
338,CN(Cc1nc2ccccc2s1)S(=O)(=O)Cc1ccc(Br)cc1Cl,0.8458417180411651,2.387424537630
339,CC(C)(C)OC(O)=Nc1ccc(C(N)CCO)c(C(F)(F)F)c1,0.7356104532426367,3.379505920816
340,CCS(=O)(=O)NC(C)C1CCCN(C(=O)OC(C)(C)C)C1,0.7625644396609998,3.136920043051
341,CC(C)CNc1ncccc1Br,0.8747205568909706,2.127514987981
342,CNC(=O)c1cc(OC)ccc1NC(=O)C(C)c1cccc(Cl)c1,0.8452270939300381,2.392956154630
343,O=C(c1ccc(N2CCCC2)nc1)N1CCCC(c2nnc3ccccn23)C1,0.797774219522912,2.820032024294
344,O=C(Nc1nccnc1-c1ccccc1)c1csc(-c2c(F)cccc2F)n1,0.8491847267563803,2.357337459193
345,CCc1nn(C)cc1NCc1csc(-c2ccc(OC)c(OC)c2)n1,0.8343726386191115,2.490646252428
346,Cc1ncc(-c2ccc(N=C(O)C3=NN(C)C(=O)CC3)cc2)o1,0.7863771586899555,2.922605571790
347,Cc1ccc(C(N)=O)cc1NCc1nc(-c2cnccn2)no1,0.8504014082865127,2.346387325421
348,CCCC(C(=O)OCCNC(=O)c1ccncc1)c1cccc(Cl)c1,0.8206471138257362,2.614175975568
349,O=C(COC(=O)CCc1cncs1)Nc1nc(-c2ccc(F)cc2)cs1,0.8481223302305333,2.366899027925
350,CC(NC(=O)OC(C)(C)C)C(=O)NCC1CCCC(O)C1,0.7629210276353472,3.133710751282
351,Cc1cnc2ccccc2c1NC(=O)NC1C(=O)OCC1(C)C,0.7606439308067395,3.154204622739
352,CC1C(CO)CC[NH+]1Cc1ccccc1C(=O)[O-],0.5610765437453143,4.950311106292
353,CN(Cc1nnc(-c2cccc(Cl)c2)o1)c1ccccc1[N+](=O)[O-],0.8577396683349452,2.280342984985
354,CCC(C)c1ccccc1OCC(=O)N1CCOC(OC)C1,0.7765839886738806,3.010744101935
355,CCCC(OCC)C(=O)NC1(CNC(=O)C2CCNC(=O)C2)CC1,0.7035988349610987,3.667610485350
356,CC(C)CN(C(=O)C(=O)NCc1ccc(OCC(F)(F)F)nc1)C1CCCC1,0.8179225050274918,2.638697454753
357,CCOC1(c2nnc(N(C)C(C)CS(C)(=O)=O)n2Cc2ccc3c(c2)COC3)CCOC1,0.6445385877256317,4.199152710469
358,COC(COC(=O)Cc1ccn(CC(F)(F)F)n1)c1ccccc1F,0.7584835608243388,3.173647952581
359,CNC(=O)N(C)c1ccc(NC(C(=O)OC)c2cccc(Cl)c2Cl)cc1,0.7945349520604881,2.849185431456
360,CCS(=O)(=O)Nc1ccc(NC(=O)C(N)=O)cc1OC,0.8730883433277374,2.142204910050
361,CC(C)(C)c1csc(CS(=O)(=O)Cc2coc(-c3ccccc3)n2)n1,0.8170589224760997,2.646469697715
362,CCS(=O)(=O)CCn1c(-c2ccccn2)nnc1N1CCCN(C(=O)C2CC2)CC1,0.8157136846479938,2.658576838168
363,O=C(Nc1cc(F)ccc1Br)N1CCCC1(CO)Cc1ccccc1,0.7773658570543387,3.003707286511
364,O=C(c1cc(F)c(O)c(F)c1)N1CCC(Cl)C(O)C1,0.7411431269667497,3.329711857299
365,Cc1cc(NC(=O)c2c[nH]c3cccc(C(F)(F)F)c23)cnc1C,0.8367419650578302,2.469322314480
366,Cc1ccc(C)c(Oc2ccc(CNS(=O)(=O)CCC(C)(C)S(C)(=O)=O)cn2)c1,0.8072750350183517,2.734524684835
367,CCc1nn(C)c(CC)c1CNC(=O)C(=O)NC(C)c1cc(OC)c(OC)c(OC)c1,0.766486548862662,3.101621060236
368,CCCC(C(=O)Nc1cc(C(F)(F)F)ccc1-n1cccn1)C(C)C,0.7924283801567541,2.868144578589
369,O=C(COC(=O)c1csc(-c2ccoc2)n1)Nc1ccc(N2CCCCC2)nc1,0.8369474169652131,2.467473247313
370,COc1ccc(CNC(=O)C(=O)N(C2CCCC2)C2CC2)cc1NC(C)=O,0.845558380308596,2.389974577223
371,CN(Cc1nccn1C)C(=O)C(=O)NC1CC1c1c(F)cccc1F,0.7260626090409674,3.465436518631
372,CC(NC(=O)Cc1cc(Cl)ccc1Br)C(=O)N1CCS(=O)(=O)CC1,0.7877176049574722,2.910541555383
373,Cc1cnc2ncc(-c3c(C)cc(C4CC4)cc3F)cc2n1,0.8150882511865832,2.664205739321
374,CC(C)CN(C(=O)C1(C)CCOCC1)c1cccc(Cl)c1,0.8174727542284328,2.642745211944
375,CCC(C)c1ncc(NC(=O)N2CCC(O)C23CCCC3)cn1,0.6415617000510516,4.225944699541
376,CNC(=O)CCOc1ccc(NC(=O)CCCS(=O)(=O)c2ccc(Br)cc2)cc1,0.8770664807046694,2.106401673658
377,CC(C)(C)Oc1ccc(C(=O)OCc2csc(CS(C)(=O)=O)n2)cc1,0.8488361622951042,2.360474539344
378,COC(COC(=O)CCCOc1cccnc1)c1ccc(Cl)cc1,0.818427935117836,2.634148583939
379,CCCC(OC)C(=O)NC1CCN(c2ccc(C)nn2)CC1,0.790015646394606,2.889859182449
380,CC1C(CO)CCN1C(=O)CCc1cc(Cl)ccc1Br,0.7572401809048416,3.184838371856
381,CCS(=O)(=O)NCCS(=O)(=O)NC(C)Cc1c(F)cccc1F,0.7791599025911025,2.987560876680
382,O=C(Nc1ccc2nc(N3CCCC3)sc2c1)C(O)c1ccccc1C(F)(F)F,0.7940184406981798,2.853834033716
383,CCOC1(c2nnc(N3CCN(C(=O)OC(C)(C)C)C(C)C3)n2CC2(CC)CC2)CCOC1,0.6569942169684623,4.087052047284
384,Cc1ncc(C(=O)OCC(=O)NC2CCCC2)s1,0.8672963252165845,2.194333073051
385,Cc1ccc(CN=C(O)c2nccnc2N)s1,0.7836162131288271,2.947454081841
386,O=C(c1ccc(F)c2occc12)N(CCO)Cc1cccc(F)c1,0.8472215687874337,2.375005880913
387,CCc1nn(C)cc1S(=O)(=O)NCc1ccccc1Oc1ccccc1C,0.8488972952883531,2.359924342405
388,O=C(COC(=O)c1cc(S(=O)(=O)N2CCCC2)ccc1Cl)COc1ccccc1,0.8761429428453591,2.114713514392
389,CCCC(C(=O)NCc1cccc(N2CCCS2(=O)=O)c1)S(N)(=O)=O,0.7563351674870709,3.192983492616
390,COc1ccc(C(C)N(C)C(=O)COC(C)(C)C(F)(F)F)cc1,0.7882045558067392,2.906158997739
391,CNC(=O)CC(C)NC(=O)c1ccc(OC)cc1Br,0.8332431396721487,2.500811742951
392,CC(C)CNC(=O)CN1CCC(n2cncn2)C1,0.7940365068791395,2.853671438088
393,Cc1cnc2c(S(=O)(=O)N3CC(C)OC(c4nc(C5CC5)no4)C3)cccc2c1,0.7187092788922401,3.531616489970
394,CN(Cc1nccn1Cc1ccccc1)C(=O)Cc1cccc(NC(=O)OC(C)(C)C)c1,0.8576109175115627,2.281501742396
395,CC(NC(=O)Nc1cnc(C2CC2)nc1)c1nc2ccccc2[nH]1,0.7947924836128192,2.846867647485
396,COC(COC(=O)c1ccc(Oc2cccc(F)c2C#N)cc1)C1CCOCC1,0.7780520580945947,2.997531477149
397,CC(C)(C)C1CCN(C(=O)C2CCCN(C(=O)c3ccncc3)C2)CC1O,0.7291731508735249,3.437441642138
398,CCCC(OC)C(=O)NCC1CCC(C)O1,0.7151486322783619,3.563662309495
399,CCC(C)c1ccc(C(=O)OCC(=O)NC(C)c2ccccc2OC)cc1,0.8215270077876221,2.606256929911
400,Cc1ncc(C(=O)Nc2ccn3ccnc3c2)s1,0.8147691932987288,2.667077260311
401,CCS(=O)(=O)c1c[nH]c(=O)c(C(=O)N(C)CCCC(=O)OC(C)(C)C)c1,0.8202265625080598,2.617960937427
402,CCc1nn(C)cc1-c1noc(CCC(=O)c2cc(C)ccc2C)n1,0.8268305708277478,2.558524862550
403,CC1C(CO)CCCN1C(=O)c1cc(=O)[nH]c2ccc(F)cc12,0.7582863813366346,3.175422567970
404,Cc1ccc(NC(=O)C(=O)NC2(c3cccc(Cl)c3)CC2)c(N(C)C)n1,0.819649425932953,2.623155166603
405,O=C(COCc1ccccc1)Nc1cc(C2CCCCN2C(=O)C(F)c2ccccc2)[nH]n1,0.7458046160245344,3.287758455779
406,O=C(c1ccc2cc(Br)ccc2c1)N1CCOC2(CCN(C(=O)C3CCOC3)C2)C1,0.6872803233001591,3.814477090299
407,CCCC(C(=O)NCCCNC(=O)c1cccc(Br)c1)c1ccccc1,0.8427007480840305,2.415693267244
408,COc1ccc(C(NC(=O)C(=O)Nc2cc(C)cc3cccnc23)C(C)C)cc1,0.8117463864049872,2.694282522355
409,CCOC1(c2nnc(N3CCCCC(COC)C3)n2CCc2cccc(F)c2F)CCOC1,0.6856380893713631,3.829257195658
410,CNC(=O)CCC1CCCCN1C(=O)C(=O)Nc1ccc2c(c1)C(=O)NCC2,0.7736939952177068,3.036754043041
411,CN(Cc1nccs1)C(O)=NCC(c1ccccc1Cl)N1CCOCC1,0.7319987411540235,3.412011329614
412,CC(C)CN1CC2CN(c3nnc(-c4ccccc4)n3CC(=O)NCC(F)(F)F)CCN2C1=O,0.7426534105508021,3.316119305043
413,Cc1cnc2c(c1)N(C(=O)C(C)(C)c1ccccc1)CCO2,0.8312483008143747,2.518765292671
414,CC(NC(=O)CC1CCC(c2ccccc2)CC1)c1nnnn1C1CC1,0.7977435616668441,2.820307944998
415,COC(COC(=O)c1csc(Cc2cccc(F)c2)n1)C(C)C,0.789402584652893,2.895376738124
416,CC(C)(C(=O)N1CCC(c2ncon2)CC1)c1csc(-c2cc(F)ccc2F)n1,0.7767093593556778,3.009615765799
417,CCC(C)c1ccc(C(NC(=O)C(F)C(F)(F)F)C(C)C)cc1,0.7305907103199729,3.424683607120
418,Cc1ncc(CN(C)C(=O)C(=O)N2CC(C)CC2c2cccnc2)s1,0.710505103068679,3.605454072382
419,CCCC(OC)C(=O)NC1CCCN(C(=O)c2ncoc2C2CC2)C1,0.7210024657060417,3.510977808646
420,CCS(=O)(=O)N(C)C1CCN(C(=O)Nc2cc(C)n(-c3cc(C)cc(C)c3)n2)CC1,0.8138320910049079,2.675511180956
421,CCc1nn(C)c(OC)c1Cn1c(C2CCCCO2)nnc1N(C)C(C)CS(=O)(=O)CC,0.6560742326362764,4.095331906274
422,Cc1ccc(N2CC(C)N(C3CCOCC3)C2=O)c(C)c1,0.7804018669757176,2.976383197219
423,O=C(COC1CCCCC1)Nc1cc(CC2CC2)[nH]n1,0.8336660021035746,2.497005981068
424,CC1C(CO)CCN1c1nccc2c([N+](=O)[O-])ccc(F)c12,0.7191105842887366,3.528004741401
425,O=C(c1cncc(C(=O)N2CCCC3(COCCO3)C2)c1)N1CCC2(CCOC2)C1,0.6183700632862877,4.434669430423
426,CCCC(C(=O)OCC)S(=O)(=O)NCc1ccc(Cn2ccnc2)cc1,0.7826677204304546,2.955990516126
427,COc1ccc2c(c1)c(C(=O)NCc1nc(-c3ccccc3C)no1)c(C)n2C1CC1,0.8397011036401376,2.442690067239
428,CNC(=O)CC1(CNC(=O)Nc2cnn(C)c2)CCCCC1,0.8190674075141265,2.628393332373
429,CC(C)CN(c1nnc(CC(C)(C)C)n1CC(=O)N(C)C1CCCCC1)C1CCCC1,0.7799509898004889,2.980441091796
430,CN(Cc1nc(C(F)(F)F)cs1)C(=O)C1(c2cccc(Cl)c2)CCOCC1,0.8010824828726985,2.790257654146
431,Cc1cnc2c(NC(=O)NCCn3cc([N+](=O)[O-])cn3)cccc2c1Cl,0.8226141686569473,2.596472482087
432,O=C(Nc1ccc2c(c1)C(=O)NC2=O)Nc1cc(-c2cc(Br)ccc2Cl)[nH]n1,0.8274590773159629,2.552868304156
433,CCOC1(c2nnc(N3CCCC3C3CCCO3)n2CC(C)CNC(=O)OC(C)(C)C)CCOC1,0.6190433785257144,4.428609593269
434,CC(NC(=O)c1ccoc1)C(=O)OCC(=O)Nc1cc2c(cc1Cl)OCCCO2,0.7866728497038084,2.919944352666
435,COC(COC(=O)c1cnc(C2CCCO2)s1)c1ccc(F)cc1,0.7338243746388123,3.395580628251
436,CC(C)(C)CC1CCCN1C(=O)C(=O)NCC1CNC(=O)C1,0.7128531946292156,3.584321248337
437,Cc1ncc(C(=O)NCC2CCN(C(=O)C3CCCS3(=O)=O)C2c2cccnc2)cn1,0.6621555105687028,4.040600404882
438,CCC(C)c1nnc(Nc2ccn(C)n2)n1CC(c1cccnc1)C(C)C,0.6915233775582025,3.776289601976
439,CCS(=O)(=O)NC(C)C(=O)Nc1cc(C2CCCCN2C(=O)C2CC=CCC2)[nH]n1,0.6872934726660578,3.814358746005
440,O=C(COCCO)NC1COCc2ccccc21,0.7983592531374062,2.814766721763
441,Cc1ccc(C(=O)N2CCC(C)C(NC(=O)C3=COCCC3)C2)cc1,0.744554634101027,3.299008293091
442,CCCC(OC)C(=O)N1CCC(C)(NC(=O)C(CC)CC)C1,0.7076903393489028,3.630786945860
443,CCc1nn(C)cc1CNC(=O)C(C)Oc1ccc(OC)cc1,0.818378065422124,2.634597411201
444,COc1ccc(NC(=O)NCCc2ccc(SC)cc2)c2cccnc12,0.8814663302305336,2.066803027925
445,CCCC(C(=O)Nc1nc(N(C)C)n[nH]1)S(N)(=O)=O,0.7014724428395692,3.686748014444
446,CNC(=O)C1(C)CCN(c2nnc(-c3csc(N4CCOCC4)n3)n2CCS(C)(=O)=O)C1,0.7107868156145397,3.602918659469
447,CC1C(CO)CCCN1C(=O)NCCN(C)c1ccccc1,0.7696420531900097,3.073221521290
448,O=C(c1ccc(Cl)cc1)N1CCC2(C1)CN(C(=O)c1[nH]c(=O)n3c1CCCC3)CCO2,0.6901671668899098,3.788495497991
449,CC(C)CN1CCN(c2nnc(-c3cccn3C)n2Cc2ccc(C(C)O)cc2)C(C)C1=O,0.7038798320223046,3.665081511799
450,CN(Cc1ncnn1CC(F)F)C(=O)NC1CCCCC1Cc1ccccc1,0.7355982635421491,3.379615628121
451,Cc1cnc2nc(C(=O)NC3(Cc4ccccc4Br)CC3)nn2c1,0.791479713583814,2.876682577746
452,O=C(Nc1cccc(-c2nccs2)c1)C(=O)Nc1cnn(C2CCCC2)c1,0.8365912839113222,2.470678444798
453,COc1ccc(CN2CCCN(C(=O)Nc3cc(C)cc(C)n3)CC2=O)cc1,0.8598269448914255,2.261557495977
454,CC(NC(=O)Nc1cnn(CC2CC2)c1)C(OC1CCOCC1)c1ccccc1,0.7374197363209903,3.363222373111
455,O=C(COC(=O)COc1ccc(-c2ccccc2)cc1)NC(=O)c1cccs1,0.8936154959871497,1.957460536116
456,COC(COC(=O)C1COc2ccc(C)cc2C1)c1ccc(Cl)cc1Cl,0.7530737016505502,3.222336685145
457,CC(C)(C)OC(=O)NCC(F)(F)Cn1c(CCCc2ccccc2)nnc1N1CCCCCCC1,0.8027177070871221,2.775540636216
458,Cc1ccc(CC(=O)NC2CCN(c3ccc(Cl)cc3)C2=O)cc1C,0.8341576044618607,2.492581559843
459,Cc1ncc(CC(=O)NC2C3CN(C(=O)C4COCCO4)CC32)o1,0.6602808454839124,4.057472390645
460,CCS(=O)(=O)NCCn1c(C)nnc1N1CCCOC(c2ccccc2)C1,0.7677604549017496,3.090155905884
461,CCC(C)c1nc(C)c(CC(=O)Nc2cc(S(C)(=O)=O)ccc2C(=O)OC)c(C)n1,0.78373410386711,2.946393065196
462,CCOC1(c2nnc(N3CCN(CC(F)(F)F)C(C)C3)n2CC(=O)NCC(F)F)CCOC1,0.6486892296480903,4.161796933167
463,CCc1nn(C)cc1N=C(O)N(CC)Cc1cnn(C)c1,0.7449931786316157,3.295061392315
464,CNC(=O)c1cc(OC)c(OCc2c(C)noc2C)c(OC)c1,0.8716049824900869,2.155555157589
465,CCCC(OC)c1noc(-c2cn(C)nc2C(F)F)n1,0.7043996753050165,3.660402922255
466,CCCC(C(=O)NC1CSC(C)C1)c1ccccn1,0.6904517141619197,3.785934572543
467,CC1C(CO)CCN1c1cc[nH+]cc1-c1nn[n-]n1,0.4802433820058282,5.677809561948
468,CC(C)CNC(=O)C(=O)NC1CC2CCC(C1)N2C(=O)C1=NOC(c2ccccc2)C1,0.6274520657866568,4.352931407920
469,O=C(c1ccncc1F)N1CC(F)C(Cc2ccccc2)C1,0.7720763081823292,3.051313226359
470,CN(Cc1ncccn1)C(=O)C1CC12CCN(C(=O)C1CC1F)CC2,0.6334338695322841,4.299095174209
471,O=C(Nc1n[nH]c2cncc(Br)c12)c1ccc2c(c1)CNC2=O,0.7975111984963029,2.822399213533
472,Cc1cnc2c(C(=O)NC(C(=O)OC(C)(C)C)c3ccc(F)cc3)cnn2c1,0.7848054027974689,2.936751374823
473,COc1ccc(C(=O)[O-])c2c1C[NH+](C(C)c1nc(-c3cccnc3)no1)CC2,0.618546148157534,4.433084666582
474,O=C(COC(=O)CNC(=O)C1CC1)COc1ccc(F)cc1,0.888424573035015,2.004178842685
475,Cc1ccc(S(=O)(=O)N(C)CC(=O)NC2CC(=O)c3ccccc32)cc1C,0.8031722188135135,2.771450030678
476,CC(NC(=O)C(CO)NC(N)=O)c1nnc2ccccn12,0.7680596699479543,3.087462970468
477,CC(C)(C)C1(C)NC(=O)N(Cc2nc(-c3ccc4c(c3)OCO4)no2)C1=O,0.7466216630269578,3.280405032757
478,CCS(=O)(=O)CC(C)N(C)c1nnc(C(=O)N2CCCC2)n1CC1(O)CCCCCC1,0.706153530718016,3.644618223538
479,COC(COC(=O)C1CCN(CC(F)F)CC1)c1ccc(Cl)cc1,0.7939810757690946,2.854170318078
480,Cc1ncc(-c2ccc(S(=O)(=O)NC(=CC(=O)C(C)(C)C)C(=O)O)c(Cl)c2)cn1,0.7937058068106619,2.856647738704
481,CCC(C)c1nnc(N(C)C(C)c2ccc(S(N)(=O)=O)cc2)n1CCCC(=O)N(C)C,0.7174848881950199,3.542636006245
482,CCc1nn(C)c(C(=O)N2CCOCC3(C2)CN(C(=O)C(COC(C)=O)OC(C)=O)CCO3)c1Cl,0.6201656062122493,4.418509544090
483,CNC(=O)Nc1cccc(NS(=O)(=O)c2c(Cl)cccc2C(F)(F)F)c1,0.8599504474466507,2.260445972980
484,CCOC1(c2nnc(N3CCC(OC)C3)n2CCNS(=O)(=O)c2ccc(C)s2)CCOC1,0.6646751989776276,4.017923209201
485,CCCC(C(=O)N1CCOC2(COCCN(C(=O)C3CCC(=O)N3)C2)C1)n1cccc1,0.6082152747307147,4.526062527424
486,O=C(COC(=O)CCc1nc2cc(Br)ccc2s1)NC1CC1,0.8610875067697097,2.250212439073
487,CCCC(OC)C(=O)NC1CCCCC1NC(=O)c1cccc(=O)[nH]1,0.7202620007333361,3.517641993400
488,O=C(Nc1nccnc1-c1ccccc1)C1C2C3CC4C5C3CC2C5C41,0.5492515730941752,5.056735842152
489,O=C(c1c[nH]c(=O)[nH]1)N1CCOCC2(C1)CN(C(=O)C1CC(=O)N(C3CCCC3)C1)CCO2,0.6362371993501836,4.273865205848
490,CC(C)CNc1ncccc1C(O)c1cccs1,0.7881710468489737,2.906460578359
491,CN(Cc1nc2ccccc2[nH]1)C(=O)c1cc2c([nH]c1=O)CCC(C)(C)C2=O,0.8039825936568111,2.764156657089
492,COc1ccc(NC(=O)N2CCC(N)=C3C=NC(=Nc4ccc(C5CCN=C(O)C5)cc4)C=C32)cn1,0.6476192337378897,4.171426896359
493,Cc1ccc(C(N)=O)cc1NC(=O)CC(NC(=O)c1ccc(O)cc1)c1ccccc1,0.8412861320381073,2.428424811657
494,CC(NC(=O)C1(F)CCOC1)C1CCN(C(=O)c2ccn[nH]2)CC1,0.6868440906857666,3.818403183828
495,Cc1ncc(-c2ccc(N=C(O)C(=O)NCCc3c(C)noc3C)cc2)o1,0.7916361616851142,2.875274544834
496,CC1C(CO)CCN1S(=O)(=O)CCc1cccc(Cl)c1,0.7485369641216248,3.263167322905
497,CC(C)(C)OC(O)=NC1CC2(N)Oc3ncccc3C2O1,0.5944165751912396,4.650250823279
498,CNC(=O)N(C)c1ccc(NC(Cc2ccc(OC)c(OC)c2)Cc2ccccc2C)cc1,0.7996390187824804,2.803248830958
499,CCS(=O)(=O)Nc1ccccc1C(=O)NCC(C)Oc1ccc(F)cc1,0.8329352710685536,2.503582560383
500,CCC(C)c1nnc(N2CCC3(CC2)COC(=O)N3)n1Cc1cccn(CC)c1=O,0.6481136859821536,4.166976826161
501,CCc1nn(C)cc1NCc1ccc(C(=O)N2CCCCC2)cc1,0.8632838318866535,2.230445513020
502,O=C(COC(=O)c1cc2n(n1)CCCC2=O)Nc1cccc(N2CCCC2=O)c1,0.8321170991327976,2.510946107805
503,CC(C)CN(C(=O)C(=O)N(C)Cc1ccccc1N1CCCC1)C1CCCC1,0.8321940334990203,2.510253698509
504,CN(Cc1cscn1)Cc1nnc(-c2ccccc2)n1C,0.8442867604031513,2.401419156372
505,CCCC(C(=O)OCCNC(=O)NC(C)C)C(C)C,0.8030198274549539,2.772821552905
506,Cc1ccc(C)c(Oc2csc(C(=O)O)c2)c1,0.8693784539908018,2.175593914083
507,CCCC(OCC)C(=O)NCC1CC(C)CCN1C(=O)Cc1ncn[nH]1,0.6881174787371553,3.806942691366
508,O=C(Nc1cccc(COc2ccc(F)cc2)c1)C1CCCc2[nH]cnc21,0.8063660265452961,2.742705761092
509,O=C(c1ccc(F)c2occc12)N1CCC2CN(C(=O)C34COCC3C4)CC21,0.633822959707534,4.295593362632
510,CCOC1(c2nnc(N(C)Cc3cc(OC)c(OC)cc3C)n2CC2CCC(F)C2)CCOC1,0.6348633842273287,4.286229541954
511,COc1ccc(CNC(=O)NCC2OCCc3ccccc32)nc1OC,0.7860660232053055,2.925405791152
512,CCc1nn(C)cc1S(=O)(=O)N1CCN(C(=O)c2ccccc2[N+](=O)[O-])CC1,0.8377530744580614,2.460222329877
513,Cc1ncc(NC(=O)c2cn[nH]c2-c2cc3ccccc3o2)cc1Br,0.8271802045273815,2.555378159254
514,CNC(=O)CCOc1ccc(NC(=S)NCCc2ccccc2)cc1,0.9017218711940485,1.884503159254
515,CCS(=O)(=O)CCn1c(CNC(=O)c2cccs2)nnc1N(C)C1CCS(=O)(=O)C1,0.7229991664250339,3.493007502175
516,CC(NC(=O)Cc1cc(Cl)c2c(c1)OCCO2)c1ccc2c(c1)CCCC2,0.8043284638159124,2.761043825657
517,CC1C(CO)CCCN1c1nnc(COC2CCCCC2)n1CC1CC1,0.7046729064275083,3.657943842152
518,O=C(COC(=O)c1csc(C2CCCO2)n1)c1cccc(N2CCCC2=O)c1,0.7824313940901266,2.958117453189
519,CC(C)(C)c1csc(CCNC(=O)NCCc2ccncc2)n1,0.8490140817668783,2.358873264098
520,COC(COC(=O)CCCOC(C)(C)C)c1ccccc1,0.8114739750546638,2.696734224508
521,CCC(C)c1ccccc1OCC(O)CNC(C)(C)C,0.7956280234326842,2.839347789106
522,Cc1cnc2ncc(-c3cnccc3C(F)(F)F)cc2n1,0.8157159992942962,2.658556006351
523,CC(C)CN(C(=O)C1CCN(C(=O)c2ccco2)CC1)C1CCCC1,0.8513180340687322,2.338137693381
524,Cc1ccc(NC(=O)C(=O)NC(C)COCC(F)(F)F)cc1C(=O)NC(C)C,0.7962933688854348,2.833359680031
525,CN(Cc1nccn1Cc1ccccc1)C(=O)Nc1ccc2[nH]ccc2c1,0.8561813520710108,2.294367831361
526,CCCC(C(=O)NCCCNc1cc(OC)ncn1)c1ccccc1,0.8084911881004443,2.723579307096
527,CNC(=O)CC(C)NC(=O)N1CCOCC1COC,0.7420867225114764,3.321219497397
528,O=C(Nc1cc(F)ccc1OCC(F)(F)F)C1COc2ccc(Cl)cc2C1,0.8048052527705474,2.756752725065
529,Cc1ncc(C(=O)OCCn2c(=O)oc3ccccc32)s1,0.8460331874733487,2.385701312740
530,CCc1nn(C)cc1-c1noc(-c2cnc(COC)nc2N)n1,0.7791265078023815,2.987861429779
531,COc1ccc2c(c1)c(NC(=O)C1CCNC1=O)c(C)n2C(=O)c1ccc(Cl)cc1,0.7735957064312124,3.037638642119
532,O=C(c1ccc(N2CCCC2c2nc3ccc(Cl)cc3[nH]2)nc1)N1CCOCC1,0.7897232547363655,2.892490707373
533,CCCC(OC)C(=O)N(C)CCN(C)C(=O)c1ccc2cc[nH]c2c1,0.7672753111030456,3.094522200073
534,CCS(=O)(=O)c1c[nH]c(=O)c(C(=O)NCc2nc(-c3ccncc3)cs2)c1,0.8228440564219562,2.594403492202
535,O=C(COCc1ccccc1)NCC1CCn2ncc(C(=O)NC3CC3)c2C1,0.7759311091898418,3.016620017291
536,CC(NC(=O)OC(C)(C)C)C1CCCCN1C(=O)c1ccc(OCC(=O)OC(C)(C)C)cc1,0.7619143628554189,3.142770734301
537,CCOC1(c2nnc(N3CCCC4(CCSC4)C3)n2CC2CC2)CCOC1,0.5887156290324366,4.701559338708
538,CC(C)(C)Oc1ccc(NS(=O)(=O)C2CCOCC2)cc1C(F)(F)F,0.8224108398124945,2.598302441688
539,COC(COC(=O)Cc1csc(NC(=O)C(C)C)n1)c1ccc(F)cc1,0.7969912539745363,2.827078714229
540,CC1C(CO)CC[NH+]1Cc1ccc(-c2nn[n-]n2)o1,0.46104413581434156,5.850602777671
541,Cc1cnc2ccccc2c1NC(=O)NCC1(CC#N)CC1,0.8268254720302556,2.558570751728
542,CCC(C)c1ccc(C(=O)N2CCN(c3ccnc(N(C)C)n3)CC2)cc1,0.8130143404898457,2.682870935591
543,CC(C)CNC(=O)CN1C(=O)NC2(CCCC2)C1=O,0.8134418866265517,2.679023020361
544,CN(Cc1nccn1C)C(=O)NCc1ccc(OCCOc2ccc(Cl)cc2)cc1,0.8673263795864344,2.194062583722
545,Cc1ccc(CN=C(O)c2cnc3c(c2)nnn3C)c(OC(C)CC(C)C)c1,0.734307761976751,3.391230142209
546,CNC(=O)CC1(CNC(=O)C2Oc3ccccc3OC2C)CCCCC1,0.7356291198717219,3.379337921155
547,O=C(Nc1ccc2nc(N3CCOCC3)oc2c1)C(=O)NC1CC2CC1C1CCCC21,0.5948308965228841,4.646521931294
548,CCCC(C(=O)Nc1cccc(C)c1C)c1ccccc1,0.8669199895311281,2.197720094220
549,Cc1ncc(C(=O)Nc2ccc(CCC(N)=O)cc2)c(C)n1,0.8890318870324929,1.998713016708
550,CCc1nn(C)c(CC)c1Cn1c(C(=O)N2CCCC2)nnc1N1CCCC(C(=O)NC)C1,0.7256631709743746,3.469031461231
551,COc1ccc(CN2CCCNC(C)C2)c(Br)c1OC,0.7988695154648566,2.810174360816
552,O=C(c1cc(F)c(O)cc1F)N1CCC(c2cccnc2)C1,0.8065389714566406,2.741149256890
553,CCS(=O)(=O)N(C)C1CCN(c2nnc(CCCc3ccccc3)n2CC2CC2)CC1,0.8156582714723055,2.659075556749
554,O=C(COC1CCCCC1)NCC1COCC[NH+]1Cc1ccc(-c2nn[n-]n2)cc1,0.577334417944974,4.803990238495
555,CCCC(OC)C(=O)NCC1(NC(=O)c2csc3cncn23)CC1,0.6924715464924012,3.767756081568
556,CC(C)(C(=O)N1CCN(c2cc(C#N)ccn2)CC1)c1cccc(C(F)(F)F)c1,0.8354140685489236,2.481273383060
557,CC(NC(=O)CC1CCCCC1)c1nc(C2(c3ccccc3)CCOCC2)no1,0.7661156529264106,3.104959123662
558,CCCC(C(=O)NCc1cccn1C)C(C)C,0.7944916290690396,2.849575338379
559,CN(Cc1nc(C(F)(F)F)cs1)S(=O)(=O)CCCC#N,0.7851382707587968,2.933755563171
560,COC(COC(=O)c1csc(-c2cnccn2)n1)C1CCCCC1,0.7610847562677004,3.150237193591
561,Cc1cnc2c(c1)N(C(=O)c1c3c(nc4ccccc14)CCCCC3)CCN2,0.8195398121106526,2.624141691004
562,CC(C)CN(c1nnc(Cc2cccnc2)n1CC1CCC=CO1)C1CCCC1,0.7157746574512974,3.558028082938
563,CCC(C)c1ncc(NC(=O)C(=O)N(C)C2CCCC(C)C2)cn1,0.7073900782801016,3.633489295479
564,Cc1ccc(N2CC(C)N(S(=O)(=O)c3ccc(O)c(Cl)c3)CC2=O)c(C)c1,0.7904796918292057,2.885682773537
565,Cc1ncc(CN(C)C(=O)C2(C3CCCCO3)CCOCC2)s1,0.7165082154803988,3.551426060676
566,CNC(=O)CCC1CCCCN1C(=O)NC1Cc2ccccc2C1,0.8011269317733544,2.789857614040
567,CCOC1(c2nnc(N(CC)CC3COc4ccccc4O3)n2CC(C)(C)COC)CCOC1,0.6469588097377783,4.177370712360
568,COc1ccc(C(NC(=O)c2cc(-c3ccco3)on2)C(F)(F)F)cc1,0.7930603442449965,2.862456901795
569,O=C(Nc1cccc(-c2noc(C3CC3)n2)c1)N1CCOC2CCCC21,0.7581143261306124,3.176971064824
570,CCc1nn(C)cc1CNC(=O)C1(C)CC1F,0.6990354859069988,3.708680626837
571,CC1C(CO)CCN1C(=O)NCCc1nc(-c2cccc(Cl)c2)no1,0.7517091303090442,3.234617827219
572,O=C(c1ccc2cc(Br)cnc2c1)N1CCOC(COc2ccccc2)C1,0.8190534656884313,2.628518808804
573,CCS(=O)(=O)NCCS(=O)(=O)N1CCCc2cc(F)c(F)c(F)c21,0.7900362322489722,2.889673909759
574,CC(C)(C)C1CCN(C(=O)c2nc(-c3ccccc3)oc2C2CC2)CC1O,0.7290398283004428,3.438641545296
575,O=C(COCCO)NC1COC2(CCCN(C(=O)c3ccco3)C2)C1,0.672734071989727,3.945393352092
576,CCCC(C(=O)OCC)S(=O)(=O)NC(=O)c1cncnc1C1CC1,0.7404865990403126,3.335620608637
577,CCCC(OC)C(=O)NCC(O)CNC(=O)c1ocnc1C,0.7181319125779336,3.536812786799
578,CC(NC(=O)Nc1cnc(C(C)(C)C)nc1)c1cc2ccccc2o1,0.7943804616047179,2.850575845558
579,CN(Cc1nccs1)C(O)=NCCc1nc2ccccc2[nH]1,0.7853223780476254,2.932098597571
580,Cc1cnc2c(S(=O)(=O)N3CCN(C(=O)c4ccccc4CCC(F)(F)F)CC3)cccc2c1,0.8331845030011313,2.501339472990
581,CC(C)CN1CC2CN(c3nnc(C4CCOC4C(C)(C)C)n3CC(C)(O)C(C)C)CCN2C1=O,0.5956106545245693,4.639504109279
582,Cc1ccc(C(=O)N2CC3COCC(C2)C3NC(=O)CC(=O)OC(C)(C)C)c(F)c1F,0.6308487262305579,4.322361463925
583,COC(COC(=O)c1cc2c(s1)CCOC2)c1ccc(F)cc1,0.7707788448510282,3.062990396341
584,CNC(=O)C1(C)CCN(c2nnc(C(=O)Nc3ccc(C)c(C)c3)n2CCC2CCOC(C)C2)C1,0.6674086917236937,3.993321774487
585,CCC(C)c1nc(C)c(CC(=O)N(CC(N)=O)CC(N)=O)c(C)n1,0.7569509589539033,3.187441369415
586,Cc1ncc(C(=O)NCC(C)NC(=O)C2CCCC(C)(C)C2)c(C)n1,0.7455104941481877,3.290405552666
587,COc1ccc(C(C)N(C)C(=O)C2CC(c3ccc(C)cc3)=NO2)cc1,0.7821778112395913,2.960399698844
588,O=C(Nc1cc(-c2ccccc2)[nH]n1)C1(c2cccnc2)CCCC1,0.8403764276736049,2.436612150938
589,O=C(c1cncc(C(=O)N(Cc2ccccc2)CC2CCOCC2)c1)N1CCc2ccccc2C1,0.8397212239586003,2.442508984373
590,CCS(=O)(=O)NCCn1c(-c2cccc(OC)c2)nnc1N1CC2C(C1)C2(C)C,0.7105388042900582,3.605150761389
591,CCc1nn(C)cc1N=C(O)NC(C)(C)CCN1CCN(C)CC1,0.7565256480415132,3.191269167626
592,CCOC1(c2nnc(N3CCN(C(=O)C(C)C)CC3)n2CCC(C)(O)c2ccccc2)CCOC1,0.685667817083631,3.828989646247
593,CC1C(CO)CCCN1C(=O)C(=O)Nc1ccc(Oc2ccccc2C#N)c(F)c1,0.7472595054043311,3.274664451361
594,O=C(COC(=O)COc1ccc2ccccc2c1)NCc1ccc2c(c1)OCO2,0.8841396341597834,2.042743292562
595,CC(C)(C)OC(=O)N1CCOC(CC(=O)N2CCC(Cc3ccc(F)cc3)C(F)(F)C2)C1,0.7183511557131995,3.534839598581
596,CN(Cc1ncnn1CC(F)F)c1nnnn1CCOc1ccc(F)cc1,0.7855716630258784,2.929855032767
597,CCCC(C(=O)Nc1nc(-c2cc(C)c(F)cc2F)cs1)c1ccccn1,0.785571020651789,2.929860814134
598,Cc1nc(CCNC(=O)Nc2cccc3c(Cl)c(C)cnc23)n[nH]1,0.816227903629063,2.653948867338
599,CC(NC(=O)c1ccoc1)C1CCN(C(=O)c2ncccc2O)C1,0.7513416019979835,3.237925582018
600,CCCC(OC)C(=O)NC1CN(c2nccc(OC)n2)CC1(C)C,0.7009634037256676,3.691329366469
601,COC(COC(=O)C1CCOCC1)c1ccc(Cl)cc1,0.8094483760779279,2.714964615299
602,Cc1ccc(CC(=O)NC(CO)c2ccc(F)cc2)c(Cl)c1,0.8451231109025993,2.393892001877
603,Cc1ncc(CC(=O)NCC(O)c2cccnc2)o1,0.7770942206173472,3.006152014444
604,CC(C)CN1CCN(c2nnc(C3CCCCO3)n2CCc2csc(C(C)(C)C)n2)C(C)C1=O,0.669055241141426,3.978502829727
605,CNC(=O)CCOc1ccc(NC(=O)c2ccc(Sc3ccc(Cl)cc3)o2)cc1,0.8601732622467922,2.258440639779
606,CCC(C)c1ccc(C(NC(=O)C2C3CCCC32)C(C)C)cc1,0.7322370544725797,3.409866509747
607,COc1cccc(N=O)c1Oc1ccc2c(O)noc2c1,0.8000531874733487,2.799521312740
608,O=C(Nc1n[nH]c2cncc(Br)c12)C1CCC(=O)N1c1ccccc1,0.7605057180149744,3.155448537865
609,O=C(c1ccc(Cl)cc1)N1CCCN(C(=O)c2cccc(O)c2F)CC1,0.8885783414704351,2.002794926766
610,O=C(c1ccncc1F)N1CCN(C(=O)C2CC2c2ccsc2)CC1,0.7599453106388867,3.160492204250
611,O=C(Cc1ccccc1)NCC(=O)OCC(=O)Nc1cccc(Cl)c1Cl,0.9013446217654827,1.887898404111
612,CCc1nn(C)c(OC)c1CNC(=O)NC(C)CC1CCCO1,0.7225702755674038,3.496867519893
613,CCS(=O)(=O)NC(C)C(=O)N1CC2COCC(C1)C2NC(=O)c1n[nH]c2ccccc12,0.6079785126156899,4.528193386459
614,CN(Cc1ncccn1)C(=O)C1CCc2cccnc21,0.7676093979961185,3.091515418035
615,Cc1cnc2nc(C(=O)NCC3CCCCC3(F)F)nn2c1,0.720989839942993,3.511091440513
616,CC1C(CO)CCCN1C(=O)Cc1ccc(-c2ccccc2)cc1,0.8064687447614435,2.741781297147
617,CCCC(C(=O)NC1CSC(C)C1)C(C)C,0.6771983639420472,3.905214724522
618,CC(C)(C)CC1CCCN1CC(O)=Nc1ccc(C#N)c(Cl)c1,0.7352025655747492,3.383176909827
619,CNC(=O)c1cc(OC)c(OC)cc1N=C(O)Cc1csc(C)n1,0.8139599137757789,2.674360776018
620,Cc1ccc(C(N)=O)cc1NCC(=O)Nc1ccc(C(C)C)cc1C(C)C,0.8734526943233484,2.138925751090
621,CCOC1(c2nnc(N3CCC(C(=O)NCC(F)(F)F)C3)n2CC2(OC)CCCC2)CCOC1,0.6457573244747593,4.188184079727
622,CC(NC(=O)C(CO)NC(N)=O)C(C)(C)c1ccccc1,0.774051162937723,3.033539533560
623,O=C(c1c[nH]c(=O)[nH]1)N1CCC2(C1)CN(C(=O)c1cnccc1Cl)CCO2,0.6829060899344639,3.853845190590
624,Cc1ncc(-c2ccc(S(C)(F)F)cc2F)c(C(F)(F)F)n1,0.776798082623222,3.008817256391
625,COC(COC(=O)c1cnc2ccccc2c1)C1CC1,0.8066146378862948,2.740468259023
626,CC1C(CO)CCN1c1ncc(C#N)cc1Cl,0.716234758502016,3.553887173482
627,CC(C)CNC(=O)C(=O)N1CCC(CNC(=O)c2cc3cc(F)c(F)cc3[nH]2)C1c1cccnc1,0.7109518568533849,3.601433288320
628,CCC(C)c1nnc(N(CC)CC(=O)Nc2c(C)cccc2C)n1CC1COCCO1,0.7097594485052262,3.612164963453
629,COc1ccc(C(=O)[O-])cc1C[NH2+]C(CO)CC(O)c1ccccc1,0.6597703777939539,4.062066599854
630,CCCC(OC)C(=O)N1CCC(CNc2nccc(C)n2)C1,0.7513730705597368,3.237642364962
631,O=C(Nc1ccccc1)c1cc(NC(=O)C2CCc3cc(F)ccc32)ccc1Cl,0.8372070163893119,2.465136852496
632,O=C(COC(=O)CCc1cscn1)NCCc1cccc(Cl)c1Cl,0.8505774511403751,2.344802939737
633,CCc1nn(C)c(C(=O)N2CCOC3(COCCN(C(=O)CS(C)(=O)=O)C3)C2)c1Cl,0.661731867198355,4.044413195215
634,CCS(=O)(=O)CC(C)NC(C)c1cc(C)ccn1,0.7412706570696683,3.328564086373
635,CN(Cc1nc2ccccc2c(=O)[nH]1)C(=O)NC1CCc2cc(F)c(F)c(F)c21,0.7512525592444934,3.238726966800
636,Cc1ccc(C)c(Oc2c(C)oc(C)c2O)c1C,0.8280780936932062,2.547297156761
637,CNC(=O)Nc1cccc(NC(=O)C(O)c2cc(Cl)cc(Cl)c2)c1,0.8242625251654692,2.581637273511
638,CCCC(C(=O)N1CCOC(C(=O)O)C1)c1cccc(Cl)c1,0.772145388828459,3.050691500544
639,CC(C)(C)C1(C)NC(=O)N(CC(=O)NCC2(c3ccccc3)CCOCC2)C1=O,0.7467021461390804,3.279680684748
640,Cc1ncc(C(=O)OCC(=O)Nc2ccc(C)c(S(N)(=O)=O)c2)s1,0.8587077818051851,2.271629963753
641,CC(NC(=O)Nc1cnn(C(C)(C)C)c1)C1CCN(CC(F)(F)F)CC1,0.7552249536082358,3.202975417526
642,O=C(c1ccc(Cl)cc1)c1cncn1C1CC1,0.8653646105647245,2.211718504917
643,COC(COC(=O)C1COCCN1CC(F)(F)F)C(C)(C)C,0.6977651044435393,3.720114060008
644,O=C(CCOc1ccccc1)Cc1occc1C(=O)OCC(=O)CC1CC1,0.8272935411477567,2.554358129670
645,CC(C)CNc1ncccc1C(=O)Nc1ccc(Br)cc1,0.8998505494898633,1.901345054591
646,O=C(Nc1cccc(COc2cccc(F)c2)c1)C1(F)CCOC1,0.791767511483499,2.874092396649
647,CC1C(CO)CCN1S(=O)(=O)N1CCc2ccccc2C1,0.7417361973947912,3.324374223447
648,COc1ccc(CNC(=O)C(=O)Nc2ccc(C(=O)N3CC(C)OC(C)C3)cc2)c(F)c1,0.7841052159787767,2.943053056191
649,CCC(C)c1nnc(Nc2cnn(C)c2)n1CC(O)(c1ccccc1)C(F)(F)F,0.6957075293612832,3.738632235748
650,CCOC1(c2nnc(N3CCN4C(=O)CCC4C3)n2CCN(C)C(=O)OC(C)(C)C)CCOC1,0.6590168605746245,4.068848254828
651,CCCC(OC)c1noc(-c2cnc(C3CCCO3)s2)n1,0.6783518384916774,3.894833453575
652,CC(C)CN(C(=O)C1CCC(C)(C)CC1)c1c(N)n(Cc2ccccc2)c(=O)[nH]c1=O,0.8210964512337208,2.610131938897
653,Cc1ccc(S(=O)(=O)N2CSCC2C(=O)NC(C)(C)C)cc1N(C)C,0.7663106713949275,3.103203957446
654,CNC(=O)N(C)c1ccc(NC2CC(C)CCC2C)cc1,0.7489104743954836,3.259805730441
655,CCc1nn(C)cc1NCc1sccc1NC(=O)OC(C)(C)C,0.8007444208295252,2.793300212534
656,CCS(=O)(=O)Nc1c(C)csc1C(=O)OC,0.8233201327757043,2.590118805019
657,CN(Cc1nnc(-c2ccc(C(C)(C)C)cc2)o1)S(C)(=O)=O,0.8560458909224623,2.295586981698
658,Cc1ncc(NC(=O)c2cccc(N3CCCC3)n2)nc1C,0.8525064401660624,2.327442038505
659,CCCC(C(=O)Nc1ccc([N+](=O)[O-])c(C)n1)c1ccccn1,0.7860073923452009,2.925933468893
660,O=C(c1ccc(N2CCCC2)c(Cl)c1)N1CCCC(CCO)C1,0.8289163739885576,2.539752634103
661,CC(C)(C)OC(O)=Nc1ccc(NC(=O)c2n[nH]c3ccccc23)nc1,0.8124586365178534,2.687872271339
662,O=C(COC(=O)c1csc(-c2ccc(Cl)cc2Cl)n1)Nc1cccc(N2CCCC2=O)c1,0.8518098298812442,2.333711531069
663,CC(NC(=O)C1(F)CCOC1)C1CCCN(C(=O)OC(C)(C)C)C1,0.6843752387606468,3.840622851154
664,O=C(Nc1cc(F)ccc1NC1CC1)C(F)(F)c1nccs1,0.8077806890501473,2.729973798549
665,COC(COC(=O)C1NC(=O)OC1C)c1ccccc1,0.7128888018462222,3.584000783384
666,COc1ccc(CN2CCCN(C(=O)C(=O)Nc3ccc(C(=O)NC(C)C)c(C)c3)CC2=O)cc1,0.8462978382961194,2.383319455335
667,CC1C(CO)CCCN1c1nnc(Cc2ccc(F)cc2)n1C1CC1,0.7314267901140279,3.417158888974
668,CC(C)CN(C(=O)C(=O)NC(c1ccccc1)C1CCOC1)C1CCCc2cccnc21,0.6926336501723664,3.766297148449
669,CCC(C)c1nnc(N2CCC3NC(=O)OCC3C2)n1CC(C)(O)C(C)CC,0.596737797176262,4.629359825414
670,Cc1ccc(NC(=O)C(=O)N2CC3COC(=O)NC3C2)cc1F,0.7304524871058652,3.425927616047
671,CNC(=O)CC(C)NC(=O)CC1CCc2ccccc2C1,0.7857090787507235,2.928618291243
672,CCS(=O)(=O)c1c[nH]c(=O)c(C(=O)NC(C)c2nc(Cc3ccccc3)no2)c1,0.7764119134705143,3.012292778765
673,CCc1nn(C)cc1S(=O)(=O)N(C)C1CCC(C)(C)CC1,0.7919651471803084,2.872313675377
674,CCCC(OC)C(=O)N(C)C(C)CNC(=O)c1ncoc1C(C)(C)C,0.6819635313071072,3.862328218236
675,CN(Cc1nccn1Cc1ccccc1)S(=O)(=O)c1ccccc1S(=O)(=O)N1CCCC1,0.8454130420536872,2.391282621517
676,Cc1ncc(C(=O)Nc2cc(CC(C)C)nn2C)c(C(C)C)n1,0.808236192856781,2.725874264289
677,CCOC1(c2nnc(N3CCCC(C(C)NC(=O)OC(C)(C)C)C3)n2CC(C)(C)CC)CCOC1,0.6360650627336359,4.275414435397
678,Cc1cnc2ncc(-c3ccc(=O)[nH]c3)cc2n1,0.822885465488078,2.594030810607
679,O=C(COCc1ccccc1)Nc1ccc(N2C(=O)c3ccccc3C2=O)cc1,0.902516779171634,1.877348987455
680,O=C(c1cc(F)c(O)cc1F)N(CCO)CC(F)(F)F,0.8268842738848436,2.558041535036
681,CCCC(C(=O)OCCNC(=O)c1cncc(Br)c1)c1ccccc1,0.8164614150175024,2.651847264842
682,CC(C)(C)c1csc(CCNC(=O)c2ccccc2OCC2CCCO2)n1,0.7998337815750762,2.801495965824
683,O=C(Nc1cc(-c2cccs2)[nH]n1)C1(NS(=O)(=O)c2cccc(F)c2)CCCCC1,0.8088095638440372,2.720713925404
684,COc1ccc(NC(=O)N2CC(C)OC(CO)C2)cc1S(=O)(=O)N1CCCCC1,0.7668218052397258,3.098603752842
685,CC(NC(=O)Cc1cc(Cl)ccc1Cl)c1nc(C(C)(C)C)no1,0.7969164416628186,2.827752025035
686,COC(COC(=O)CCCOc1ccccc1C)c1ccccc1,0.8412983921969887,2.428314470227
687,COC(COC(=O)Cc1ccc(OCC#N)cc1)Cc1ccccc1,0.8199642650235214,2.620321614788
688,CC(C)CNC(=O)CN1CCCNC1=O,0.856518584047845,2.291332743569
689,CNC(=O)CC1(CNC(=O)CSC(C)C(=O)Nc2c(C)n(C)n(-c3ccccc3)c2=O)CCCCC1,0.7502338432053455,3.247895411152
690,CN(Cc1nccn1C)C(=O)CCCS(N)(=O)=O,0.833438670616283,2.499051964453
691,Cc1cc(C(C)(O)CNC(=O)C(=O)Nc2ccc(-c3cnc(C)o3)cc2)c(C)o1,0.7526636846006188,3.226026838594
692,O=C(COC1CCCCC1)N1CCCC(F)(F)CC1,0.8400845903206375,2.439238687114
693,Cc1ccc(CN=C(O)c2sc(C3COCCO3)nc2C)cc1F,0.728440483481663,3.444035648665
694,CC1C(CO)CCN1c1ccnc(N(C)Cc2cccc(C#N)c2)n1,0.7217238648702576,3.504485216168
695,CCS(=O)(=O)N(C)c1ccc(NC(=S)Nc2ccc(F)cc2F)cc1,0.8664936283584525,2.201557344774
696,CCc1nn(C)cc1-c1noc(-c2oc3ccccc3c2C)n1,0.8155480283331327,2.660067745002
697,CCC(C)c1ccccc1OCC(=O)NC1CCOC1c1ccnn1C(C)C,0.7022636745605413,3.679626928955
698,Cc1cnc2ccccc2c1NC(=O)NC(C)Cn1ccnc1,0.7999096140817977,2.800813473264
699,O=C(c1ccc(F)c2occc12)N1CC2CCCC2C1,0.7561324934199127,3.194807559221
700,CCCC(C(=O)NCCCNc1ncnc2c1CCC2)C(C)C,0.777080236280112,3.006277873479
701,CCCC(OC)C(=O)NC(C)C(OC)c1ccccc1Cl,0.7356476422488039,3.379171219761
702,CC(C)(C)Oc1ccc(CNC2CCC3(C2)OCCO3)c(C(F)(F)F)c1,0.7011253144706759,3.689872169764
703,O=C(Nc1nccnc1-c1ccccc1)c1ncoc1-c1ccon1,0.8056325607297379,2.749306953432
704,COc1ccc2c(c1)c(C(=O)N(C)CCn1cc(Br)cn1)c(C)n2C1CCCCC1,0.8141929606660935,2.672263354005
705,CCOC1(c2nnc(N3CCCC3C)n2CC2CCCN2C(=O)OC(C)(C)C)CCOC1,0.6473739957687992,4.173634038081
706,CC(NC(=O)OC(C)(C)C)C1CCN(c2nc3ccccc3nc2N2CCCC(C#N)C2)CC1,0.7214259142183493,3.507166772035
707,CC(C)CN(c1nnc(Cc2ccccc2F)n1CC1CCCS(=O)(=O)C1)C(C)C,0.7303609829217901,3.426751153704
708,O=C(COCCO)NC1COC2(CCCN(C(=O)Cn3cc(Cl)cn3)C2)C1,0.6538285136162071,4.115543377454
709,COC(COC(=O)C1CCN(c2ccc3nncn3n2)CC1)c1ccc(F)cc1,0.7672372560291902,3.094864695737
710,CNC(=O)CCC1CCCCN1C(=O)C1CCCN(C(=O)c2ccccc2)C1,0.7923174943113802,2.869142551198
711,CN(Cc1nc(C(F)(F)F)cs1)C(=O)c1ccc(C2NCCCC2O)cc1,0.7341475206081349,3.392672314527
712,CCS(=O)(=O)CCn1cc(C)c(NC(=O)Nc2cccc(N3CCCNC3=O)c2)n1,0.8019219328703598,2.782702604167
713,Cc1ncc(CN(C)C(=O)NC2CC(C)(C)c3ccccc32)s1,0.765026382729816,3.114762555432
714,CCc1nn(C)c(CC)c1S(=O)(=O)NC(=O)Cn1c(CS(C)(=O)=O)nc2ccccc21,0.7932677203567544,2.860590516789
715,Cc1ccc(CC(=O)NC(CO)C2CCOC2)c(Cl)c1,0.7621137173683782,3.140976543685
716,O=C(c1ccc2cc(Br)ccc2n1)N1CCC(C2CCCCN2C(=O)Cn2ccnn2)CC1,0.7624721815202801,3.137750366317
717,Cc1cnc2c(c1)N(C(=O)C1CN(C)C(=O)c3ccccc31)CCN2,0.7549691073251945,3.205278034073
718,CC1C(CO)CC[NH+]1Cc1cc2sc(C(=O)[O-])cc2s1,0.5141599556923758,5.372560398769
719,CCCC(C(=O)NCc1ccc(-c2ccccc2)c(C)c1)S(N)(=O)=O,0.811239413667148,2.698845276996
720,CCC(C)c1ccc(C(=O)COC(=O)c2n[nH]nc2-c2ccccc2)cc1,0.8060497655910603,2.745552109680
721,O=C(C[NH+]1CCCC1)N1CCN(C(=O)Nc2cccc(-c3nn[n-]n3)c2)CC1,0.6662831516978946,4.003451634719
722,CC(C)(C(=O)N1CCCC(c2nccs2)C1)c1ccc(F)cc1F,0.7731576544143298,3.041581110271
723,COc1ccc(C(NC(=O)NC(CO)c2cccc(Br)c2)C2CC2)cc1,0.7859426162975471,2.926516453322
724,CCCC(OCC)C(=O)N(C)C1CCN(C(=O)c2nocc2C)C1,0.7036221449844088,3.667400695140
725,CC(C)CN1CC2CN(c3nnc(Cc4ccncc4)n3CCC(C)(F)F)CCN2C1=O,0.7104849352726593,3.605635582546
726,CNC(=O)C1(C)CCN(C(=O)NCCOCC2CCOC2)C1,0.725325427879836,3.472071149081
727,O=C(COC(=O)COc1ccccc1)Nc1ccon1,0.8882845697428318,2.005438872315
728,CCS(=O)(=O)NCCS(=O)(=O)N1CCOC2C(CNC(=O)c3ccnnc3)CCC21,0.657477721750307,4.082700504247
729,CC(NC(=O)CC1CCCCC1)C(=O)N1CCC(C(=O)Nc2cccc(F)c2)CC1,0.8216576672155264,2.605080995060
730,Cc1ncc(CC(=O)NCC2CCCCN2c2cccc(F)c2C#N)o1,0.7554903530736355,3.200586822337
731,COC(COC(=O)c1cn(C)nc1-c1ccccc1)c1ccccc1Cl,0.8054136378969202,2.751277258928
732,CN(Cc1nccs1)C(O)=NCCc1cccc(O)c1,0.7916681055053149,2.874987050452
733,CCc1nn(C)cc1CNC(=O)NC(c1ncccc1C)C(C)(C)C,0.7480399186182924,3.267640732435
734,Cc1ccc(N2CC(C)N(C)CC2C)nc1C#N,0.7121358846991817,3.590777037707
735,CCOC1(c2nnc(N3CCCN(C(=O)C4CC4)CC3)n2CC(C)COC)CCOC1,0.6841069245923576,3.843037678669
736,O=C(c1cncc(C(=O)N2CCOCCO2)c1)N(CCO)CCO,0.7883919307783843,2.904472622995
737,Cc1cnc2c(S(=O)(=O)Nc3cccc4ncsc34)cccc2c1,0.8365565186202097,2.470991332418
738,CCCC(C(=O)OCC)S(=O)(=O)NC(=O)C12CCCC1C2,0.6754956854336892,3.920538831097
739,CCC(C)c1nc(C)c(CC(=O)N2CC(C)C3CCCCC32)c(C)n1,0.6842183198023307,3.842035121779
740,COc1ccc(C(C)N(C)C(=O)NC2CCCC23CCOCC3)cc1,0.6849792718211946,3.835186553609
741,CC(C)(C)C1CCN(C(=O)C(=O)N2CCCC(CNS(C)(=O)=O)C2)CC1O,0.6915795525829265,3.775784026754
742,O=C(Nc1ccc2nc(N3CCOCC3)sc2c1)C1CC1c1cccc(F)c1F,0.7637100293612834,3.126609735748
743,O=C(COc1ccccc1)NCC(=O)OCC(=O)NC1CCOc2ccccc21,0.8275874391793734,2.551713047386
744,CC1C(CO)CCCN1C(=O)NCCC1=CCN(C(=O)OC(C)(C)C)CC1,0.7226958088964232,3.495737719932
745,CC(NC(=O)Nc1cncc(Br)c1)c1cccc(Cl)c1Cl,0.8161514286355656,2.654637142280
746,CCCC(OC)C(=O)NC1(CNC(=O)Cn2cc(C)cn2)CC1,0.743112211484395,3.311990096640
747,CC(C)CN1CCN(c2nnc(CC3CC3)n2CC2CCCN2S(C)(=O)=O)C(C)C1=O,0.6807006020913291,3.873694581178
748,CNC(=O)CCOc1ccc(NC(=O)c2ccc(S(=O)(=O)N3CCC(C)CC3)s2)cc1,0.8526373426884457,2.326263915804
749,Cc1ncc(C(=O)NCC2OCC3CCN(C(=O)c4ccc5sc(C)nc5c4)CC32)cn1,0.6932298040185204,3.760931763833
750,CN(Cc1ncnn1CC(F)F)C(=O)c1cncc(OCC(F)F)c1,0.7846313193545834,2.938318125809
751,COC(COC(=O)c1csnn1)c1ccc(Cl)cc1,0.7774050468281735,3.003354578546
752,Cc1ccc(C(=O)N2CC(C)CC(C)C2)cc1NC(=O)c1ccc(NC2=NS(=O)(=O)c3ccccc32)cc1,0.7540178395614954,3.213839443947
753,CCS(=O)(=O)NCCn1c(C(C)C)nnc1N1CCN(c2cccc(F)c2)C(=O)C1,0.8008237996782506,2.792585802896
754,CCc1nn(C)cc1N=C(O)c1cnccn1,0.7617190977442116,3.144528120302
755,O=C(c1ccncc1F)N1CCCCC1c1cc(NC(=O)C(F)(F)C(F)F)n[nH]1,0.7294727230621574,3.434745492441
756,Cc1cnc2c(NC(=O)N3CCC4(C)C(C3)C4(Cl)Cl)cccc2c1Cl,0.702851014838069,3.674340866457
757,CCCC(C(=O)Nc1ncc(C)nc1C)N(C)C(=O)OCC1c2ccccc2-c2ccccc21,0.7605837040730694,3.154746663342
758,CCOC1(c2nnc(N(C)Cc3ccc(OC)c(C)c3)n2C2CC2C)CCOC1,0.6582511733968536,4.075739439428
759,CCC(C)c1ncc(NC(=O)NCC2CCC(C)(C)CC2)cn1,0.7707501808067394,3.063248372739
760,O=C(COC(=O)CCc1nc2sc3c(c2c(=O)[nH]1)CCC3)CC1CCCCC1,0.8177315453698655,2.640416091671
761,O=C(Nc1n[nH]c2cncc(Br)c12)C12CCC(O)(CC1)CC2,0.6548255145315358,4.106570369216
762,COc1cccc(N=O)c1OCC(C)CNc1c(-c2nn[nH]n2)c(C)nn1C.F,0.7015792615236958,3.685786646287
763,CNC(=O)c1cc(OC)c(OCc2ccc(Br)cc2F)c(OC)c1,0.8842375361534012,2.041862174619
764,CC(C)(C)OC(=O)NC(CC(=O)NCC1COC2(CCCCCC2)O1)C1CC1,0.6785553795938444,3.893001583655
765,CC(NC(=O)c1ccoc1)c1cccc(NC(=O)c2ccccc2)c1,0.8520730257072822,2.331342768634
766,CC(NC(=O)C(CO)NS(=O)(=O)c1ccc(Cl)cc1)C1OCCc2sccc21,0.7085565989357441,3.622990609578
767,CC(C)CNC(=O)C(=O)NCC1CCN(C(=O)c2nccc3occc23)C1c1cccnc1,0.7136379050316264,3.577258854715
768,CC1C(CO)CCN1C(=O)NCc1ccoc1,0.7295844175309303,3.433740242222
769,CN(Cc1ncccn1)C(=O)C1=NOC2(CCN(S(=O)(=O)c3ccc4[nH]ncc4c3)C2)C1,0.6614624127141726,4.046838285572
770,Cc1ncc(-c2ccc(SCC(F)(F)F)nn2)s1,0.7918780808726934,2.873097272146
771,CCCC(OC)C(=O)NCCCc1nc2ccccc2[nH]1,0.8092070342942745,2.717136691352
772,COC(COC(=O)c1cccc(S(=O)(=O)NC2CC2)c1)c1ccc(Cl)cc1,0.8161720220013168,2.654451801988
773,CCS(=O)(=O)CC(C)N=C(O)c1cc(-c2ccc(C)c(C)c2)on1,0.7371675457858746,3.365492087927
774,Cc1ccc(C(N)=O)cc1OCC(=O)N1CCc2sccc2C1c1ccccc1,0.8136707791325928,2.676962987807
775,CCc1nn(C)c(OC)c1Cn1c(COc2cc(C)ccc2C)nnc1N1CCCOC(C)C1,0.7350896335602488,3.384193297958
776,O=C(c1c[nH]c(=O)[nH]1)N1CCC(C2CCCCN2C(=O)C2CCC3CCC(=O)N3C2)CC1,0.6987702722459452,3.711067549786
777,CCCC(OC)C(=O)NC(C)CN(C)C(=O)c1csc(C2CC2)n1,0.7227838017891427,3.494945783898
778,Cc1cnc2c(c1)cc1n2CCOc2cc(OCCOC3CCNCC3)ccc2-1.Cl,0.7853216297252291,2.932105332473
779,CCCC(C(=O)N1CCOCC2(CN(C(=O)c3nccnc3C)CCO2)C1)n1cccc1,0.6308314832273455,4.322516650954
780,O=C(COC(=O)c1ccc(Cl)c(N2CCNC2=O)c1)COc1ccc(Cl)cc1,0.850794617724921,2.342848440476
781,CNC(=O)Nc1cccc(NC(=O)C2(c3ccc(F)cc3)CCCCC2)c1,0.870074360328576,2.169330757043
782,CC(NC(=O)Nc1cnn(C)c1C1CC1)C(O)c1c(Cl)cccc1Cl,0.7234480507092739,3.488967543617
783,CCC(C)c1ccc(C(NC(=O)c2nc(S(C)(=O)=O)ncc2C)C(C)C)cc1,0.7506324045677901,3.244308358890
784,COc1ccc(C(=O)[O-])c(S(=O)(=O)NCc2c[nH+]c3n2CCCCC3)c1,0.7077743372554719,3.630030964701
785,O=C(Nc1ccccc1)c1ccc(C(=O)OC2CCN(c3ccc(C(F)(F)F)cc3)C2=O)cc1,0.8160782553551207,2.655295701804
786,CC(C)(C)CC1CCCN1C(=O)CCN1C(=O)c2ccccc2C1=O,0.8114632709692662,2.696830561277
787,Cc1ncc(C(=O)OCC(=O)c2cscn2)c(C2CC2)n1,0.8051890110283247,2.753298900745
788,CC(C)CNc1ncccc1N=C(O)C(F)(F)F,0.7855296962573086,2.930232733684
789,Cc1ccc(C)c(Oc2ccc(F)cc2C(C)N)c1C,0.827480239925581,2.552677840670
790,CCOC1(c2nnc(N(C)C3CCS(=O)(=O)C3)n2CC(C)(C)c2ccccc2F)CCOC1,0.6465509022564182,4.181041879692
791,COC(COC(=O)C1COCCN1C(=O)OCc1ccccc1)C1CCOCC1,0.7329587473100012,3.403371274210
792,CN(Cc1nnc(-c2ccccc2)o1)C(=O)C1CC(c2ccc(Cl)cc2)NN1,0.7448788926969452,3.296089965727
793,CCS(=O)(=O)NC(C)C(=O)N(Cc1cccc(OC)c1)CC(C)C,0.8091775309929753,2.717402221063
794,CC1C(CO)CCCN1C(=O)Nc1ncc(Cc2c(F)cccc2F)s1,0.7349396658233637,3.385543007590
795,CCc1nn(C)c(C(=O)N2CC3COCC(C2)C3NC(=O)c2nnsc2C2CC2)c1Cl,0.5758251440655964,4.817573703410
796,O=C(c1ccc(Cl)cc1Cl)N1CCN(c2ncnc3[nH]ccc23)CC12CCCCC2,0.7510160424170657,3.240855618246
797,O=C(COCc1ccccc1)Nc1cc(C2CCCCN2C(=O)CCCC(F)(F)F)[nH]n1,0.7719189936928719,3.052729056764
798,CNC(=O)N(C)c1ccc(Nc2cc(C(=O)OC)ccc2[N+](=O)[O-])cc1,0.8600775949470376,2.259301645477
799,Cc1cnc2nc(C(=O)N3CCC(Nc4ncccn4)C3)nn2c1,0.7567451958281399,3.189293237547
800,CCCC(OC)C(=O)N1CCCCC1CN(C)c1ccnc(C#N)n1,0.7093376305412062,3.615961325129
801,CCCC(C(=O)NC1CSC(C)C1)N1C(=O)c2ccccc2C1=O,0.7110347848173455,3.600686936644
802,CC(NC(=O)C1(F)CCOC1)C(F)(F)F,0.6554149436671514,4.101265506996
803,O=C(Nc1cccc(COc2cccc(F)c2)c1)NC1CCc2ccc(O)cc21,0.8218508091427432,2.603342717715
804,CCC(C)c1nnc(N(C)C2CCSC2)n1CCS(C)(=O)=O,0.6727580664240875,3.945177402183
805,COc1ccc(CN2CCCN(C(=O)c3cc4ccccc4o3)CC2=O)cc1,0.8739454105170642,2.134491305346
806,Cc1ncc(NC(=O)c2nc3cc(Cl)ccn3c2C)nc1C,0.8106674481926441,2.703992966266
807,Cc1ccc(S(=O)(=O)N(C(=O)CCOc2cccc(Br)c2)[SH]2CCC(O)CC2)cc1,0.7519459255443525,3.232486670101
808,CC(C)CN(C(=O)C1CCC(N)CC1C)C(C)c1ccccc1Cl.Cl.Cl,0.6839871271141617,3.844115855973
809,CC(C)(C)C1(C)NC(=O)N(CC2CCC(=O)O2)C1=O,0.6792454799079262,3.886790680829
810,CCS(=O)(=O)Nc1ccc(C(=O)C=Cc2ccc3c(c2)OCCCO3)cc1,0.856595239449455,2.290642844955
811,CN(Cc1nccn1Cc1ccccc1)C(=O)c1[nH]nc(-c2ccccc2)c1Br,0.8373145813694366,2.464168767675
812,COC(COC(=O)C1NC(=O)OC1C)c1ccc(F)cc1,0.7062982728039715,3.643315544764
813,CNC(=O)CC(C)NC(=O)C(=O)Nc1cccc(NC(C)=O)c1C,0.8166619059929753,2.650042846063
814,O=C(COC(=O)c1csc(CCc2ccccc2)n1)Nc1cc(Cl)c(Cl)cc1Cl,0.8673136745526759,2.194176929026
815,O=C(c1ccc(N2CCCS2(=O)=O)cc1Cl)N1C2CCC1CC(O)(Cc1ccc(F)cc1F)C2,0.6270113234112756,4.356898089299
816,CC1C(CO)CCN1c1nc(C2CC2)ns1,0.6865176686796389,3.821340981883
817,CCc1nn(C)cc1NCc1cc[nH]n1,0.736905145416142,3.367853691255
818,Cc1cnc2c(C(=O)N3CCOCC4(CN(C(=O)C(=O)C5CC5)CCO4)C3)cnn2c1,0.6591060350442274,4.068045684602
819,CCOC1(c2nnc(N3CC(C)OC(COC)C3)n2CCOc2ccccc2Cl)CCOC1,0.6562821703789931,4.093460466589
820,COc1ccc(CNC(=O)NC(C)c2c(F)cccc2Cl)c(OC)n1,0.7974525686281291,2.822926882347
821,O=C(Nc1cc(F)ccc1OCC1CCCO1)NC1(CCO)CCOC1,0.7310277782223803,3.420749995999
822,CCCC(OC)c1noc(-c2cccc3cn[nH]c23)n1,0.7419147030359061,3.322767672677
823,CCCC(C(=O)Nc1cc(C2CCCCN2C(=O)C2CCOC2)[nH]n1)n1cccc1,0.682935388795905,3.853581500837
824,Cc1ncc(C(=O)Nc2nc(C(C)C)c(C)s2)c(C2CC2)n1,0.8168454389450611,2.648391049494
825,CC(NC(=O)c1ccoc1)C1CCCN(C(=O)CCn2cccc2)C1,0.7407745841431601,3.333028742712
826,Cc1ccc(NC(=O)C(=O)N2CCC(C)CC(C)C2)cc1S(=O)(=O)NC(C)(C)C,0.7626214179726719,3.136407238246
827,CCC(C)c1nnc(Nc2cncnc2)n1CC1CCCO1,0.7093467523215234,3.615879229106
828,CC(C)CNC(=O)CN1C(=O)C2(CCSCC2)N=C1O,0.7173347802001212,3.543986978199
829,CCS(=O)(=O)N(C)CCCNC(=S)Nc1cnn(C(C)C)c1,0.8128659691493202,2.684206277656
830,O=C(COC1CCCCC1)N1CCOC2CCCCC21,0.7654312345969124,3.111118888628
831,CN(Cc1nc2ccccc2n1C)C(=O)COc1cccnc1,0.8714913849764893,2.156577535212
832,CNC(=O)CCC1CCCC[NH+]1CC(=O)c1[nH]c(C)c(C(=O)[O-])c1C,0.5821989556866493,4.760209398820
833,CC(C)(C)OC(O)=NC1COCC1n1nnnc1-c1ccc(Br)cc1F,0.6739282824958845,3.934645457537
834,COC(COC(=O)CCCOC1CCOCC1)c1ccccc1F,0.7844959395771445,2.939536543806
835,O=C(c1cc(F)c(O)c(Cl)c1)N1CCC(n2cn[nH]c2=O)CC1,0.8170235455242749,2.646788090282
836,CCc1nn(C)cc1S(=O)(=O)NC(C)c1cccc(N2CCCC2=O)c1,0.7764158266241091,3.012257560383
837,COc1ccc(NC(=O)NC2CS(=O)(=O)c3ccccc32)cc1S(C)(=O)=O,0.7889337572750519,2.899596184525
838,Cc1cnc2ncc(-c3cc(C#N)ccc3C)cc2n1,0.8375037330356793,2.462466402679
839,CC1C(CO)CCN1S(=O)(=O)C1CCN(C(=O)OC(C)(C)C)CC1,0.7196019526767166,3.523582425910
840,Cc1ncc(-c2ccc(NC(=O)c3ccc(Cl)c(C#N)c3)cc2)o1,0.8689738312308728,2.179235518922
841,O=C(Nc1cc(-c2cccc(Cl)c2)nn1CCO)c1noc2c1CCCCC2,0.8192261322644525,2.626964809620
842,CN(Cc1nccn1C)C(=O)NCCCNc1ccc(C(F)(F)F)cn1,0.8280700139912172,2.547369874079
843,Cc1ccc(CC(=O)NC2CCc3nc(NC(=O)c4cc(C#N)ccc4F)sc3C2)cc1C,0.7778257847047302,2.999567937657
844,CCCC(C(=O)OCCNC(C)=O)c1cccc(Cl)c1,0.824714080899422,2.577573271905
845,CCCC(OC)C(=O)N(C)CCCN(C)C(=O)c1csc(C)n1,0.759735052084655,3.162384531238
846,CC(NC(=O)Nc1cnc(N2CCN(C(=O)OC(C)(C)C)CC2)nc1)C1(CO)CC1,0.7486064631541642,3.262541831613
847,CCS(=O)(=O)c1c[nH]c(=O)c(C(=O)N2CCC3OCCC3C2)c1,0.7229760447981729,3.493215596816
848,CCOC1(c2nnc(N3CCN(CC(C)C)C(=O)C3C)n2CC2(OC)CCC(C)CC2)CCOC1,0.6197096276540129,4.422613351114
849,O=C(COCCO)NC1COC2C(Nc3nccc(NCCc4ccccc4F)n3)COC12,0.6730884622374026,3.942203839863
850,CC(C)CN(C(=O)C(=O)Nc1cccc(-n2cc(C(F)(F)F)cn2)c1)C1CCCC1,0.8168970156189366,2.647926859430
851,CCC(C)c1nnc(N2CCC(S(=O)(=O)CC)CC2)n1Cc1ccccc1NC(=O)OC(C)(C)C,0.7398725620665564,3.341146941401
852,CNC(=O)CC1(CNC(=O)c2ccc3nnc(C)n3c2)CCCCC1,0.8110038412193281,2.700965429026
853,CC(Cc1nc(C(C)(C)C)cs1)(NC1CCS(=O)(=O)C1)C(=O)O,0.692950906872574,3.763441838147
854,O=C(c1ccc(F)c2occc12)N1CCOC(c2cccc(Br)c2)C1,0.7833478120320682,2.949869691711
855,COC(COC(=O)Cc1c(F)cccc1Cl)Cc1ccccc1,0.8280549108363251,2.547505802473
856,CCc1nn(C)cc1-c1nnc(CCCNC2CC2)s1,0.8018143943042352,2.783670451262
857,Cc1ncc(CN(C)C(=O)c2cc3n[nH]nc3cc2F)s1,0.8052755820843873,2.752519761241
858,COc1ccc2c(c1)c(NC(=O)C(C)NC(=O)c1n[nH]c3ccccc13)cn2C,0.8009114988595307,2.791796510264
859,Cc1cnc2ccccc2c1NC(=O)N(C)C1CCCC1C(C)(C)C,0.744335295774524,3.300982338029
860,O=C(Nc1nccnc1-c1ccccc1)c1cccc(S(=O)(=O)NC2CCCC2)c1,0.8668684024926914,2.198184377566
861,CN(Cc1nccs1)C(O)=NC(c1c(F)cccc1F)C(F)(F)F,0.6993656522947505,3.705709129347
862,Cc1ccc(CN=C(O)c2c(F)cc(C#N)cc2F)c(OCC(F)(F)F)c1,0.7925041168734008,2.867462948139
863,CCCC(C(=O)NCCCN1C(=O)CC(C)(C)C1=O)S(N)(=O)=O,0.7479291711913548,3.268637459278
864,CC1C(CO)CCCN1c1ccc([N+](=O)[O-])c2cccnc12,0.743972822420779,3.304244598213
865,CC(C)CN(c1nnc(C2CC2)n1CC1CCOC1C(C)C)C(C)C,0.6673632090803144,3.993731118277
866,CC(NC(=O)CC1CCCC1)c1csc2ccccc12,0.8229921566168081,2.593070590449
867,CCS(=O)(=O)CCn1c(C(C)Oc2cccc(Cl)c2)nnc1N1CCC(F)(F)CC1,0.7384729384361552,3.353743554075
868,O=C(COC(=O)COc1cccc(NC(=O)c2ccco2)c1)Nc1ccc(F)c(F)c1,0.8781881665772006,2.096306500805
869,CCCC(OC)C(=O)NC1CCN(C(=O)CSC)C1,0.7525186751741982,3.227331923432
870,CNC(=O)CCOc1ccc(Nc2nc(N)cc(N)n2)cc1OC,0.8492830498436911,2.356452551407
871,CCC(C)c1ccccc1OCC(=O)NCCc1ccc(OC(C)(C)C)cc1,0.8335292609905578,2.498236651085
872,O=C(c1cncc(C(=O)N2CCOC(C(F)F)C2)c1)N1CCOC(CO)C1,0.7190998957768261,3.528100938009
873,COC(COC(=O)c1cccnc1-n1cc(Br)cn1)C1CCOCC1,0.7470678975021536,3.276388922481
874,CC(C)(C)Oc1ccc(CCNC(=O)Cc2cc3c(cc2[N+](=O)[O-])OCCO3)cc1,0.8460668046652317,2.385398758013
875,Cc1ncc(CC(=O)NCC2CCC(NC(=O)Cc3ncc[nH]3)C2)o1,0.7101218063653822,3.608903742712
876,CCc1nn(C)c(CC)c1Cn1c(-c2cc3c(s2)CCC(C)C3)nnc1N(C)C(C)CC(N)=O,0.6559401838582839,4.096538345275
877,CCOC1(c2nnc(N3CCC(O)(c4ccc(C)cc4)C3)n2CC(C)(O)C(C)C)CCOC1,0.6265852437815629,4.360732805966
878,COc1ccc(C(NC(=O)N2CCN(c3cccc(F)c3C#N)CC2)c2ccc(C)cc2)cc1,0.8085270129549093,2.723256883406
879,O=C(Nc1ccc2nc(N3CCOCC3)oc2c1)c1ccc2c(c1)SC1=NS(=O)(=O)CCN12,0.7844131744429439,2.940281430014
880,Cc1cnc2c(S(=O)(=O)N3CC(F)CC(CO)C3)cccc2c1,0.7395113813366344,3.344397567970
881,CN(Cc1nc(C(F)(F)F)cs1)C(=O)C1CSCN1C(=O)C1CCCC1,0.7464089890172713,3.282319098845
882,Cc1ccc(N2CC(C)N(C(=O)N(C)C)CC2=O)cc1C,0.795890477517718,2.836985702341
883,O=C(COC(=O)CNC(=O)N1CCCC1)Nc1c(Cl)cccc1C(F)(F)F,0.8593065632607788,2.266240930653
884,CCCC(C(=O)NCc1coc(CC)n1)c1ccc(Cl)cc1,0.7955342568164421,2.840191688652
885,CC(NC(=O)Cc1cc(Cl)cc2c1OCC2)C(=O)N1CCCCC1C,0.7564314766950526,3.192116709745
886,CNC(=O)c1cc(OC)ccc1NS(=O)(=O)Cc1cc(C#N)ccc1F,0.8517577682948166,2.334180085347
887,CC(C)CN1CC2CN(c3nnc(COc4ccccc4F)n3CCCC(F)(F)F)CCN2C1=O,0.7293029453737252,3.436273491636
888,CCS(=O)(=O)NCCS(=O)(=O)NC(C)c1cc(F)c(Cl)cc1Cl,0.7704604532426368,3.065855920816
889,CC1C(CO)CCN1c1cc(=O)n(C)c(=O)n1Cc1ccccc1C#N,0.713146444889047,3.581681995999
890,CCCC(OCC)C(=O)N(C)C(C)CNC(=O)C1CCC2(CC1)CC2,0.6613006758107427,4.048293917703
891,CCC(C)c1ccc(C(=O)NCC2(C)CCC(=O)N2)cc1,0.7545026407702352,3.209476233068
892,O=C(c1ccc2cc(Br)ccc2c1)N1CCC2(C1)CN(C(=O)C1CCC=CO1)CCO2,0.6545879431304552,4.108708511826
893,CC(C)(C(=O)N1CCCCC(NC(=O)Cc2ccn[nH]2)C1)C(F)(F)F,0.7494365249531341,3.255071275422
894,COC(COC(=O)C1CCN(S(=O)(=O)c2ccccc2F)CC1)C1CCOCC1,0.7751630936062475,3.023532157544
895,COc1ccc(C(C)N(C)c2nnc(C3CCCCO3)n2CC(=O)NC(C)C)cc1,0.7336589559537816,3.397069396416
896,Cc1ncc(C(=O)NCC2CC(C)CCN2C(=O)c2[nH]ccc2C)c(C)n1,0.716829161633776,3.548537545296
897,O=C(Nc1cccc(-c2n[nH]c(=O)[nH]2)c1)c1ncc(Br)cc1O,0.8137968036603697,2.675828767057
898,O=C(COC(=O)CCc1ccco1)NCCOc1cccc(C(F)(F)F)c1,0.8685306960980694,2.183223735117
899,Cc1ccc(C(=O)N2CCCC23CCN(CCn2ccnc2)C3=O)c(O)c1,0.70563995606833,3.649240395385
900,CCc1nn(C)cc1CNC(=O)Nc1nnn(C(C)C)n1,0.779164796668751,2.987516829981
901,CN(Cc1ncnn1CC(F)F)S(=O)(=O)c1ccccc1S(=O)(=O)N1CCCC1,0.8067561839335391,2.739194344598
902,Cc1cnc2c(c1)N(C(=O)CCn1ccnc1)CCN2,0.8093665326075532,2.715701206532
903,CNC(=O)Nc1cccc(C(=O)N(C)C(C)c2ccc(-n3cncn3)cc2)c1,0.8096515414689238,2.713136126780
904,CC(C)CNc1ncccc1C(=O)OC1CCN(c2nncc3ccccc23)CC1,0.8264089860470681,2.562319125576
905,CC(NC(=O)OC(C)(C)C)C(C)C(=O)N1C2C=C(c3ccccc3)CC1CC2,0.6143745990389057,4.470628608650
906,CCS(=O)(=O)NCCn1c(Cc2ccc(F)cc2)nnc1N1CCOC(C)(C)C1C,0.7209793332461644,3.511186000785
907,CCOC1(c2nnc(N3CCNC(=O)C3CC)n2CCCn2nc(C)cc2C)CCOC1,0.6524841592481262,4.127642566767
908,CC1C(CO)CCCN1C(=O)C(=O)Nc1ccnc(OCCO)c1,0.7313842574987601,3.417541682511
909,CCC(C)c1ncc(NC(=O)CCn2cnc3ccccc3c2=O)cn1,0.8016797501630326,2.784882248533
910,O=C(COC(=O)c1cc(C2CC2)n[nH]1)NC(=O)NCc1ccccc1,0.853673830385092,2.316935526534
911,O=C(c1ccncc1F)N1CC(c2ccccc2)C2COCCC21,0.729548053638077,3.434067517257
912,O=C(Nc1n[nH]c2cncc(Br)c12)C1CCN(c2ccc(Br)cn2)CC1,0.8091670481792514,2.717496566387
913,CC(C)(C)CC1CCCN1C(=O)C1c2ccccc2C(=O)N1Cc1ccccc1,0.7625227873350169,3.137294913985
914,COC(COC(=O)c1cn(Cc2ccccn2)nn1)C(C)(C)C,0.7643376808067394,3.120960872739
915,CCCC(OC)C(=O)NC1(CC)CCN(C(=O)C2C3CCCC32)CC1,0.6721712315025667,3.950458916477
916,COc1cccc(N=O)c1C(F)(F)F,0.8251897062328671,2.573292643904
917,Cc1ncc(-c2ccc(S(=O)(=O)NCCC(C)C)cn2)s1,0.8360502078093346,2.475548129716
918,C=Nc1cn(C)nc1CC,0.7248954264947434,3.475941161547
919,CNC(=O)C1(C)CCN(C(=O)Nc2cccn(CC(F)(F)F)c2=O)C1,0.7499297612602862,3.250632148657
920,CN(Cc1ncccn1)C(=O)C12CC1CCN2C(=O)c1[nH]c(=O)ccc1Cl,0.664944835048081,4.015496484567
921,Cc1ccc(C(N)=O)cc1Nc1ccc(COC2CCN(C(=O)OC(C)(C)C)CC2)cc1,0.8603549855034959,2.256805130469
922,Cc1cnc2c(NC(=O)C3CCc4ncncc4C3)cccc2c1Cl,0.7643240940833503,3.121083153250
923,CC(C)CN1CCN(c2nnc(CNC(=O)c3cccs3)n2CC2CCC(F)C2)C(C)C1=O,0.6611344867779307,4.049789618999
924,CCS(=O)(=O)NC(C)C(=O)NC(C)CSc1ccc(C)cc1,0.7721007695966213,3.051093073630
925,O=C(COC(=O)c1csc(-c2cnccn2)n1)NCc1ccc2c(c1)OCO2,0.842194408733542,2.420250321398
926,CC(NC(=O)C(CO)NC(=O)OCc1ccccc1)c1ccc(-c2ccncc2)cc1,0.8051911038961997,2.753280064934
927,CCC(C)c1nc(C)c(CC(=O)NC(C)CC(O)c2cccs2)c(C)n1,0.7045188530525948,3.659330322527
928,Cc1ncc(C(=O)OCCn2c(O)ccc2O)c(N)c1Cl,0.7877124722236862,2.910587749987
929,O=C(Nc1ccccc1)c1ccc(CC(=O)N(c2ccccc2)C2CCOC2)cc1,0.8275503101608161,2.552047208553
930,COc1ccc(C(=O)[O-])c(OCC[NH+]2CC3CC3(CO)C2)c1,0.5632497413544897,4.930752327810
931,O=C(c1c[nH]c(=O)[nH]1)N1CCCC2(CC1)CCN(CC1CCOCC1)C2=O,0.6946354861792448,3.748280624387
932,CC1C(CO)CCN1C(=O)Nc1ncc(C2CCCCC2)s1,0.720966173872195,3.511304435150
933,CC(C)(C)C1CCN(C(O)=Nc2cccc(Cl)c2F)CC1O,0.6818387096226969,3.863451613396
934,COC(COC(=O)c1csc(C(C)=O)c1)CC(C)C,0.7733939692347429,3.039454276887
935,Cc1ccc(C)c(Oc2ccc(C#N)c(Br)c2)c1C,0.8614328918766316,2.247103973110
936,CCOC1(c2nnc(N3CCC(COC)CC3)n2CCOc2ccc(Cl)cn2)CCOC1,0.7110456245475424,3.600589379072
937,CNC(=O)N(C)c1ccc(NCC2(C)CCCN(C(=O)OC(C)(C)C)C2)cc1,0.7638614835588126,3.125246647971
938,CCc1nn(C)c(OC)c1CN=C(O)N(C)C1CCCCC1N(C)C1CCN(C)CC1,0.6551276840654424,4.103850843411
939,CCCC(OC)C(=O)NC1(C)CCN(CC#N)CC1,0.7335232475732972,3.398290771840
940,CN(Cc1nc2ccccc2s1)C(=O)CCCCOc1cccc(C#N)c1,0.8625681870147103,2.236886316868
941,CCCC(C(=O)Nc1ncc2c(c1C#N)COCC2)S(N)(=O)=O,0.7050880356602192,3.654207679058
942,CC(C)CNC(=O)C(=O)Nc1cc(C2CCCCN2C(=O)Cc2c(F)ccc(F)c2F)[nH]n1,0.7512400404241968,3.238839636182
943,O=C(COCc1ccccc1)N1CCOC2(COCCN(C(=O)c3nc4ccc(F)cn4n3)C2)C1,0.6793707565496239,3.885663191053
944,CCS(=O)(=O)CC(C)NC(=O)C1(c2cccc(OC)c2)CCCC1,0.7854093783123227,2.931315595189
945,CC(NC(=O)Nc1cnn(C)c1C(F)(F)F)C(=O)NCc1ccccc1,0.8018480614862733,2.783367446624
946,Cc1ncc(-c2ccc(NC(=O)CC(C)N)cc2)o1.Cl.Cl,0.7994036543408947,2.805367110932
947,O=C(Nc1cccc(COc2ccc3c(c2)OCO3)c1)c1cc(Cl)c2c(c1)OCCCO2,0.8524252001083984,2.328173199024
948,Cc1ccc(S(=O)(=O)N2C3CCC4c5c6cc(C#N)cc5C(CC2CC3)C(C6)N4C)cc1,0.45727244738029327,5.884547973577
949,CCC(C)c1ccc(C(NC(=O)CC2CCCOC2)C(C)C)cc1,0.756069227986117,3.195376948125
950,O=C(c1ccc(Cl)cc1N1CCNC1=O)N1CCOC(c2ccc(F)cc2)C1,0.7921240341661002,2.870883692505
951,CNC(=O)CC(C)NC(=O)C(C)c1ccccc1C(F)(F)F,0.7694123192976507,3.075289126321
952,COC(COC(=O)C1COc2ccccc2O1)C1CC1,0.7504251594350834,3.246173565084
953,COc1ccc(CN2CCCN(c3nnc(C(C)(C)C)n3C3CC3C)CC2=O)cc1,0.7329196956157261,3.403722739458
954,CN(Cc1nccn1Cc1ccccc1)c1ncnc2ccsc12,0.8358098136411716,2.477711677229
955,CC(C)(C)OC(=O)N1C(C(=O)N2CC3[CH]C(O)CCC3C2)CC2CC21,0.6134768828752439,4.478708054123
956,CC1C(CO)CCCN1C(=O)NC1CC1c1ccc(Br)c(F)c1,0.6955079679341182,3.740428288593
957,CCc1nn(C)c(C(=O)N2CCOCC3(CN(C(=O)Cc4ccc(F)c(F)c4)CCO3)C2)c1Cl,0.6799922776146432,3.880069501468
958,CCCC(OC)C(=O)NC(C)CNC(=O)C(C)(C)c1cccnc1,0.736149718948906,3.374652529460
959,CC(C)CN(C(=O)C1CCCN(C(=O)Cc2ccccc2)C1)c1nc2ccccc2s1,0.8086023779773677,2.722578598204
960,CCCC(C(=O)N1CCOC(CNC(C)=O)C1)c1cccc(Cl)c1,0.7715592287961195,3.055966940835
961,CCOC1(c2nnc(N3CCNC(=O)C3CC)n2CC(Cc2ccccc2)OC)CCOC1,0.638996988192758,4.249027106265
962,O=C(COC1CCCCC1)N1CCOC2(COCCN(C(=O)c3csc4c3CCCO4)C2)C1,0.6481639701202175,4.166524268918
963,CCS(=O)(=O)Nc1cccc(C(=O)Nc2ccc(N(C)C)nc2)c1,0.8738431305589955,2.135411824969
964,Cc1ncc(C(=O)Nc2cc(C3CCCCN3C(=O)C(C)n3ccccc3=O)[nH]n2)cn1,0.7138510231534517,3.575340791619
965,O=C(Nc1cc(F)ccc1OCC1CC1)NC1CCN(c2ccc(F)cc2)C1=O,0.809155401298555,2.717601388313
966,CC(NC(=O)C1(F)CCOC1)c1ccc(NC(=O)NC2CC2)cc1,0.7466823057191966,3.279859248527
967,O=C(c1cc(F)c(O)c(Cl)c1)N1CCC2(CCCC2)CC1,0.7978946961804111,2.818947734376
968,CNC(=O)CC1(CNC(=O)N2CCN(C(=O)CC(C)C)CC2)CCCCC1,0.8252410469752627,2.572830577223
969,CCC(C)c1nnc(N(C)c2cc(OC)cc(OC)c2)n1CC1CCCC1,0.7559445024331656,3.196499478102
970,CN(Cc1nnc(-c2cc3c(s2)CCCCC3)o1)C(=O)C1CC1,0.8242030399881445,2.582172640107
971,COc1ccc(NC(=O)Nc2cccc3c2oc(=O)n3C)cc1N1CCOC1=O,0.8216091717384172,2.605517454354
972,Cc1ccc(NC(=O)C(=O)NC(CO)c2ccccc2C)cc1OCC1CCCCC1,0.802895614796728,2.773939466829
973,CC(C)CN(C(=O)C(=O)NCC1CCN(C)C(=O)C1)C1CCCc2cccnc21,0.7067215203394408,3.639506316945
974,Cc1cnc2nc(C(=O)NCC3CNC(=O)C3)nn2c1,0.732385488088724,3.408530607201
975,CCS(=O)(=O)N(C)CCCn1c(-c2cc(-c3ccccc3)n[nH]2)nnc1N1CCCCCC1,0.8023250840245902,2.779074243779
976,CC(C)(C)C1(C)NC(=O)N(Cc2nncn2-c2ccccc2)C1=O,0.7453294249323691,3.292035175609
977,CC1C(CO)CC[NH+]1Cc1nc2ccc(C(=O)[O-])cc2[nH]1,0.5613143317888208,4.948171013901
978,CCc1nn(C)cc1NCc1ccc2cc[nH]c2c1,0.8221109876270349,2.601001111357
979,O=C(COC(=O)COc1c(Cl)cccc1Cl)NCC1CCN(c2ccccc2)C1,0.8220492777424168,2.601556500318
980,CCCC(OC)C(=O)N1CCCC(CO)(NC(=O)CC(C)C)C1,0.7166361487063616,3.550274661643
981,O=C(Nc1nccnc1-c1ccccc1)c1cc(F)c(Cl)cc1F,0.8723962294209182,2.148433935212
982,Cc1ncc(NC(=O)c2oc3ccc(Cl)cc3c2C)c(C2CC2)n1,0.831150099212233,2.519649107090
983,CC(NC(=O)c1ccoc1)c1nc(C2CCC(F)(F)C2)no1,0.6994591747780992,3.704867426997
984,CNC(=O)CCC1CCCCN1S(=O)(=O)c1ccc(-n2ccc(C)c2)cc1,0.7885293202469307,2.903236117778
985,O=C(c1ccc(N2CCCC2)nn1)N1CCCCC1Cc1ccccc1Br,0.8012012748413037,2.789188526428
986,CCOC1(c2nnc(N(C)CCOC(C)(C)C)n2CC(C)c2ccc(F)cc2)CCOC1,0.662098820127437,4.041110618853
987,CN(Cc1nccn1C)C(=O)CCc1cncc2ccccc12,0.8489624805475849,2.359337675072
988,COc1ccc(CNC(=O)COCCc2ccccc2)cc1NC(C)=O,0.8990109761071792,1.908901215035
989,COc1ccc2c(c1)c(C(=O)NC1(Cc3ccc(F)cc3)CCOCC1)c(C)n2C1CC1,0.8121516726538562,2.690634946115
990,Cc1ccc(CC(=O)NC2C3COCC2CN(C(=O)C2=NOC(c4ccccc4)C2)C3)cc1[N+](=O)[O-],0.6037244544233958,4.566479910189
991,CCC(C)c1nnc(Nc2ccn(C)n2)n1CC(C)(O)c1ccc(F)cc1,0.7059206488132632,3.646714160681
992,COC(COC(=O)CCCOC(C)C)c1ccc(F)cc1,0.8144737098026743,2.669736611776
993,CCS(=O)(=O)c1c[nH]c(=O)c(C(=O)NC2CC2c2ccccc2OC)c1,0.7564109748035768,3.192301226768
994,CC(C)CNC(=O)CN1CCCC(C#N)C1,0.8025805197231703,2.776775322491
995,O=C(COC(=O)CNC(=O)NCc1ccc(Cl)cc1)Nc1ccc2c(c1)OCCCO2,0.8684540108452921,2.183913902392
996,Cc1cnc2c(C(=O)NC3CCCC3(C)C)c(Cl)ccc2c1,0.7653498448244149,3.111851396580
997,O=C(Nc1cc(-c2ccncn2)cs1)C1(c2ncccn2)CC1,0.7738628215001646,3.035234606499
998,CCc1nn(C)cc1S(=O)(=O)NC(Cn1cccn1)c1ccccc1,0.7733610899904168,3.039750190086
999,CC(C)(C)OC(O)=NCCC(=O)N(Cc1ccc(F)cc1F)C1CCCC1,0.8147042763584919,2.667661512774
1000,Cc1ncc(CN(C)C(=O)C2CCC=CCC2)s1,0.8130918003297067,2.682173797033
