ckpt_filename,validity,uniqueness,diversity,quality,quality2,sample_time,status,gpu_id
"0-1000.ckpt",0.933000,0.942000,0.810,0.861000,0.918000,15.458,OK,0
"0-105000.ckpt",1.000000,0.955000,0.828,0.809000,0.944000,13.985,OK,0
"0-112000.ckpt",0.998000,0.950000,0.831,0.801000,0.933000,13.803,OK,0
"0-12000.ckpt",1.000000,0.956000,0.819,0.868000,0.955000,14.451,OK,0
"0-127000.ckpt",1.000000,0.936000,0.828,0.806000,0.934000,13.592,OK,0
"0-134000.ckpt",1.000000,0.937000,0.830,0.769000,0.922000,13.974,OK,0
"0-141000.ckpt",1.000000,0.923000,0.827,0.768000,0.928000,14.029,OK,0
"0-149000.ckpt",1.000000,0.935000,0.828,0.771000,0.922000,14.026,OK,0
"0-155000.ckpt",0.999000,0.939000,0.832,0.777000,0.925000,14.193,OK,0
"0-162000.ckpt",1.000000,0.933000,0.830,0.782000,0.924000,13.608,OK,0
"0-17000.ckpt",1.000000,0.965000,0.823,0.853000,0.963000,13.497,OK,0
"0-177000.ckpt",1.000000,0.938000,0.828,0.788000,0.920000,14.158,OK,0
"0-184000.ckpt",1.000000,0.931000,0.829,0.771000,0.926000,13.862,OK,0
"0-191000.ckpt",1.000000,0.934000,0.831,0.776000,0.917000,13.824,OK,0
"0-199000.ckpt",1.000000,0.933000,0.834,0.782000,0.924000,14.142,OK,0
"0-23000.ckpt",0.997000,0.956000,0.821,0.831000,0.938000,14.474,OK,0
"0-30000.ckpt",0.998000,0.954000,0.826,0.842000,0.949000,14.309,OK,0
"0-38000.ckpt",0.999000,0.923000,0.833,0.825000,0.936000,13.615,OK,0
"0-45000.ckpt",0.999000,0.932000,0.827,0.815000,0.934000,13.927,OK,0
"0-51000.ckpt",1.000000,0.922000,0.828,0.813000,0.931000,13.847,OK,0
"0-59000.ckpt",0.998000,0.924000,0.833,0.787000,0.914000,13.923,OK,0
"0-66000.ckpt",0.997000,0.918000,0.836,0.770000,0.911000,13.355,OK,0
"0-73000.ckpt",0.997000,0.926000,0.835,0.785000,0.921000,13.800,OK,0
"0-80000.ckpt",1.000000,0.945000,0.833,0.805000,0.936000,13.946,OK,0
"0-88000.ckpt",0.999000,0.938000,0.829,0.799000,0.921000,13.674,OK,0
"0-95000.ckpt",0.999000,0.947000,0.828,0.822000,0.945000,13.653,OK,0
"1-206000.ckpt",1.000000,0.939000,0.831,0.778000,0.928000,13.610,OK,0
"1-214000.ckpt",1.000000,0.931000,0.831,0.782000,0.925000,13.867,OK,0
"1-222000.ckpt",1.000000,0.930000,0.829,0.787000,0.925000,14.096,OK,0
"1-230000.ckpt",0.999000,0.928000,0.827,0.770000,0.916000,14.272,OK,0
"1-238000.ckpt",1.000000,0.926000,0.829,0.773000,0.914000,13.815,OK,0
"1-246000.ckpt",1.000000,0.929000,0.829,0.771000,0.919000,13.767,OK,0
"1-254000.ckpt",1.000000,0.939000,0.828,0.774000,0.922000,13.648,OK,0
"1-262000.ckpt",1.000000,0.930000,0.827,0.797000,0.928000,13.597,OK,0
"1-270000.ckpt",1.000000,0.931000,0.825,0.793000,0.931000,13.212,OK,0
"1-278000.ckpt",1.000000,0.926000,0.830,0.779000,0.930000,13.515,OK,0
"1-286000.ckpt",1.000000,0.932000,0.829,0.789000,0.930000,13.829,OK,0
"1-294000.ckpt",1.000000,0.932000,0.827,0.797000,0.929000,13.703,OK,0
"1-302000.ckpt",1.000000,0.922000,0.829,0.788000,0.927000,13.655,OK,0
"0-10000-v1.ckpt",0.999000,0.954000,0.822,0.846000,0.954000,14.952,OK,1
"0-106000.ckpt",0.999000,0.954000,0.830,0.812000,0.943000,14.017,OK,1
"0-113000.ckpt",0.998000,0.946000,0.829,0.798000,0.935000,13.709,OK,1
"0-120000.ckpt",1.000000,0.942000,0.829,0.814000,0.939000,13.794,OK,1
"0-128000.ckpt",1.000000,0.931000,0.828,0.808000,0.936000,13.864,OK,1
"0-135000.ckpt",1.000000,0.932000,0.833,0.764000,0.916000,14.380,OK,1
"0-142000.ckpt",1.000000,0.935000,0.828,0.780000,0.927000,13.905,OK,1
"0-15000-v1.ckpt",1.000000,0.960000,0.821,0.878000,0.971000,14.010,OK,1
"0-156000.ckpt",1.000000,0.931000,0.830,0.769000,0.925000,14.459,OK,1
"0-163000.ckpt",1.000000,0.925000,0.828,0.781000,0.918000,13.954,OK,1
"0-170000.ckpt",1.000000,0.935000,0.828,0.787000,0.924000,13.990,OK,1
"0-178000.ckpt",1.000000,0.940000,0.828,0.788000,0.917000,14.016,OK,1
"0-185000.ckpt",1.000000,0.928000,0.828,0.774000,0.926000,13.911,OK,1
"0-192000.ckpt",1.000000,0.941000,0.829,0.782000,0.924000,13.861,OK,1
"0-2000.ckpt",0.991000,0.875000,0.806,0.828000,0.886000,14.197,OK,1
"0-24000.ckpt",0.997000,0.948000,0.824,0.833000,0.931000,14.259,OK,1
"0-31000.ckpt",0.999000,0.936000,0.829,0.818000,0.927000,13.629,OK,1
"0-39000.ckpt",0.999000,0.942000,0.834,0.825000,0.938000,13.823,OK,1
"0-46000.ckpt",0.999000,0.937000,0.825,0.809000,0.937000,13.653,OK,1
"0-52000.ckpt",0.999000,0.930000,0.831,0.803000,0.932000,14.311,OK,1
"0-6000.ckpt",1.000000,0.941000,0.809,0.861000,0.946000,13.779,OK,1
"0-67000.ckpt",0.997000,0.939000,0.834,0.785000,0.927000,14.075,OK,1
"0-74000.ckpt",1.000000,0.926000,0.832,0.803000,0.933000,13.792,OK,1
"0-81000.ckpt",0.997000,0.942000,0.833,0.802000,0.929000,13.966,OK,1
"0-89000.ckpt",0.999000,0.935000,0.829,0.803000,0.924000,14.159,OK,1
"0-96000.ckpt",1.000000,0.948000,0.829,0.813000,0.945000,14.054,OK,1
"1-207000.ckpt",1.000000,0.938000,0.832,0.784000,0.931000,13.741,OK,1
"1-215000.ckpt",1.000000,0.932000,0.831,0.785000,0.932000,13.538,OK,1
"1-223000.ckpt",1.000000,0.929000,0.830,0.785000,0.920000,13.750,OK,1
"1-231000.ckpt",1.000000,0.933000,0.829,0.785000,0.923000,14.041,OK,1
"1-239000.ckpt",1.000000,0.936000,0.831,0.787000,0.926000,13.767,OK,1
"1-247000.ckpt",1.000000,0.929000,0.828,0.762000,0.917000,13.680,OK,1
"1-255000.ckpt",1.000000,0.935000,0.827,0.780000,0.927000,13.942,OK,1
"1-263000.ckpt",1.000000,0.932000,0.827,0.789000,0.926000,14.025,OK,1
"1-271000.ckpt",1.000000,0.924000,0.825,0.790000,0.933000,14.411,OK,1
"1-279000.ckpt",1.000000,0.917000,0.829,0.776000,0.925000,13.704,OK,1
"1-287000.ckpt",1.000000,0.934000,0.829,0.793000,0.931000,14.226,OK,1
"1-295000.ckpt",1.000000,0.932000,0.829,0.790000,0.926000,14.175,OK,1
"1-303000.ckpt",1.000000,0.930000,0.831,0.777000,0.922000,13.852,OK,1
"0-10000.ckpt",0.999000,0.954000,0.822,0.846000,0.954000,15.791,OK,2
"0-107000.ckpt",0.999000,0.950000,0.829,0.803000,0.937000,14.340,OK,2
"0-114000.ckpt",0.997000,0.947000,0.830,0.808000,0.943000,13.730,OK,2
"0-121000.ckpt",1.000000,0.941000,0.829,0.814000,0.943000,13.439,OK,2
"0-129000.ckpt",1.000000,0.937000,0.828,0.802000,0.933000,14.310,OK,2
"0-136000.ckpt",1.000000,0.933000,0.827,0.803000,0.939000,14.010,OK,2
"0-143000.ckpt",1.000000,0.942000,0.830,0.780000,0.931000,13.839,OK,2
"0-15000.ckpt",1.000000,0.960000,0.821,0.878000,0.971000,13.469,OK,2
"0-157000.ckpt",1.000000,0.931000,0.829,0.759000,0.917000,13.707,OK,2
"0-164000.ckpt",1.000000,0.936000,0.829,0.786000,0.929000,13.897,OK,2
"0-171000.ckpt",1.000000,0.928000,0.827,0.783000,0.922000,13.957,OK,2
"0-179000.ckpt",1.000000,0.935000,0.828,0.782000,0.916000,14.224,OK,2
"0-186000.ckpt",1.000000,0.935000,0.828,0.800000,0.934000,14.512,OK,2
"0-193000.ckpt",1.000000,0.936000,0.831,0.782000,0.923000,13.670,OK,2
"0-20000.ckpt",0.999000,0.962000,0.823,0.857000,0.950000,13.990,OK,2
"0-25000.ckpt",0.997000,0.954000,0.828,0.838000,0.956000,13.599,OK,2
"0-32000.ckpt",0.998000,0.952000,0.828,0.835000,0.947000,13.735,OK,2
"0-4000.ckpt",0.999000,0.917000,0.816,0.846000,0.920000,13.515,OK,2
"0-47000.ckpt",1.000000,0.933000,0.827,0.805000,0.935000,13.564,OK,2
"0-53000.ckpt",0.999000,0.927000,0.831,0.792000,0.925000,13.885,OK,2
"0-60000.ckpt",0.998000,0.917000,0.833,0.784000,0.915000,13.651,OK,2
"0-68000.ckpt",0.999000,0.939000,0.833,0.799000,0.934000,13.697,OK,2
"0-75000.ckpt",1.000000,0.941000,0.831,0.816000,0.945000,13.848,OK,2
"0-82000.ckpt",0.996000,0.946000,0.831,0.798000,0.932000,14.238,OK,2
"0-9000.ckpt",0.999000,0.930000,0.820,0.831000,0.924000,14.071,OK,2
"0-97000.ckpt",1.000000,0.933000,0.831,0.794000,0.929000,13.890,OK,2
"1-208000.ckpt",1.000000,0.935000,0.833,0.787000,0.930000,14.070,OK,2
"1-216000.ckpt",1.000000,0.934000,0.831,0.783000,0.931000,13.564,OK,2
"1-224000.ckpt",1.000000,0.924000,0.830,0.782000,0.920000,14.379,OK,2
"1-232000.ckpt",0.999000,0.926000,0.828,0.766000,0.920000,13.804,OK,2
"1-240000.ckpt",1.000000,0.932000,0.829,0.779000,0.921000,14.387,OK,2
"1-248000.ckpt",1.000000,0.931000,0.827,0.775000,0.918000,13.547,OK,2
"1-256000.ckpt",0.999000,0.939000,0.827,0.774000,0.924000,13.622,OK,2
"1-264000.ckpt",1.000000,0.937000,0.828,0.783000,0.925000,13.755,OK,2
"1-272000.ckpt",1.000000,0.926000,0.825,0.789000,0.935000,13.781,OK,2
"1-280000.ckpt",1.000000,0.924000,0.828,0.781000,0.926000,14.132,OK,2
"1-288000.ckpt",1.000000,0.935000,0.829,0.788000,0.931000,14.038,OK,2
"1-296000.ckpt",1.000000,0.933000,0.830,0.784000,0.928000,13.775,OK,2
"1-304000.ckpt",1.000000,0.930000,0.831,0.774000,0.925000,13.679,OK,2
"0-100000.ckpt",1.000000,0.957000,0.829,0.805000,0.943000,15.879,OK,3
"0-108000.ckpt",0.998000,0.954000,0.829,0.807000,0.940000,14.051,OK,3
"0-115000.ckpt",0.998000,0.940000,0.830,0.806000,0.939000,13.548,OK,3
"0-122000.ckpt",1.000000,0.940000,0.830,0.808000,0.936000,13.748,OK,3
"0-13000.ckpt",0.999000,0.957000,0.815,0.875000,0.958000,13.798,OK,3
"0-137000.ckpt",1.000000,0.934000,0.828,0.790000,0.935000,13.695,OK,3
"0-144000.ckpt",1.000000,0.933000,0.829,0.769000,0.928000,13.779,OK,3
"0-150000.ckpt",1.000000,0.936000,0.828,0.770000,0.919000,14.017,OK,3
"0-158000.ckpt",1.000000,0.928000,0.829,0.769000,0.921000,14.209,OK,3
"0-165000.ckpt",1.000000,0.935000,0.828,0.783000,0.922000,14.249,OK,3
"0-172000.ckpt",1.000000,0.934000,0.828,0.781000,0.920000,14.090,OK,3
"0-18000.ckpt",0.999000,0.964000,0.820,0.868000,0.967000,14.774,OK,3
"0-187000.ckpt",1.000000,0.921000,0.830,0.785000,0.929000,13.572,OK,3
"0-194000.ckpt",1.000000,0.929000,0.830,0.803000,0.938000,13.539,OK,3
"0-200000.ckpt",1.000000,0.924000,0.831,0.810000,0.936000,13.732,OK,3
"0-26000.ckpt",0.999000,0.944000,0.828,0.854000,0.941000,13.965,OK,3
"0-33000.ckpt",0.999000,0.942000,0.828,0.842000,0.943000,13.845,OK,3
"0-40000.ckpt",0.999000,0.921000,0.834,0.811000,0.928000,13.838,OK,3
"0-48000.ckpt",0.999000,0.928000,0.827,0.804000,0.937000,14.073,OK,3
"0-54000.ckpt",1.000000,0.930000,0.830,0.807000,0.929000,14.082,OK,3
"0-61000.ckpt",0.997000,0.948000,0.832,0.799000,0.936000,13.308,OK,3
"0-69000.ckpt",0.998000,0.939000,0.834,0.795000,0.932000,13.982,OK,3
"0-76000.ckpt",0.996000,0.949000,0.835,0.799000,0.930000,14.116,OK,3
"0-83000.ckpt",0.996000,0.946000,0.833,0.795000,0.930000,13.758,OK,3
"0-90000.ckpt",0.999000,0.950000,0.829,0.822000,0.942000,14.000,OK,3
"0-98000.ckpt",1.000000,0.934000,0.829,0.798000,0.931000,15.398,OK,3
"1-209000.ckpt",1.000000,0.933000,0.832,0.783000,0.931000,13.897,OK,3
"1-217000.ckpt",1.000000,0.934000,0.830,0.783000,0.930000,14.087,OK,3
"1-225000.ckpt",1.000000,0.927000,0.829,0.778000,0.922000,13.939,OK,3
"1-233000.ckpt",1.000000,0.933000,0.830,0.776000,0.918000,14.091,OK,3
"1-241000.ckpt",1.000000,0.932000,0.829,0.777000,0.922000,13.622,OK,3
"1-249000.ckpt",1.000000,0.931000,0.829,0.773000,0.916000,13.676,OK,3
"1-257000.ckpt",1.000000,0.932000,0.827,0.785000,0.930000,13.681,OK,3
"1-265000.ckpt",0.999000,0.924000,0.827,0.784000,0.932000,13.854,OK,3
"1-273000.ckpt",1.000000,0.934000,0.825,0.787000,0.937000,14.050,OK,3
"1-281000.ckpt",1.000000,0.928000,0.830,0.795000,0.928000,14.168,OK,3
"1-289000.ckpt",1.000000,0.934000,0.827,0.802000,0.935000,13.828,OK,3
"1-297000.ckpt",1.000000,0.931000,0.831,0.784000,0.927000,13.781,OK,3
"1-305000.ckpt",1.000000,0.921000,0.831,0.769000,0.920000,13.625,OK,3
"0-101000.ckpt",1.000000,0.957000,0.826,0.817000,0.949000,15.133,OK,4
"0-109000.ckpt",0.999000,0.952000,0.831,0.802000,0.931000,13.733,OK,4
"0-116000.ckpt",0.998000,0.946000,0.830,0.793000,0.939000,13.723,OK,4
"0-123000.ckpt",1.000000,0.939000,0.828,0.815000,0.939000,13.968,OK,4
"0-130000.ckpt",1.000000,0.934000,0.829,0.786000,0.925000,13.539,OK,4
"0-138000.ckpt",1.000000,0.929000,0.827,0.793000,0.934000,13.840,OK,4
"0-145000.ckpt",1.000000,0.933000,0.830,0.765000,0.924000,13.927,OK,4
"0-151000.ckpt",1.000000,0.933000,0.826,0.778000,0.924000,14.182,OK,4
"0-159000.ckpt",1.000000,0.932000,0.830,0.776000,0.927000,14.482,OK,4
"0-166000.ckpt",1.000000,0.938000,0.829,0.785000,0.930000,13.940,OK,4
"0-173000.ckpt",1.000000,0.932000,0.827,0.783000,0.917000,13.914,OK,4
"0-180000.ckpt",1.000000,0.936000,0.827,0.782000,0.919000,13.958,OK,4
"0-188000.ckpt",1.000000,0.921000,0.830,0.784000,0.928000,13.955,OK,4
"0-195000.ckpt",1.000000,0.935000,0.832,0.773000,0.926000,13.993,OK,4
"0-201000.ckpt",1.000000,0.922000,0.831,0.809000,0.935000,13.992,OK,4
"0-27000.ckpt",0.996000,0.912000,0.830,0.815000,0.926000,14.289,OK,4
"0-34000.ckpt",0.998000,0.929000,0.830,0.824000,0.926000,13.798,OK,4
"0-41000.ckpt",0.999000,0.939000,0.832,0.831000,0.939000,13.598,OK,4
"0-49000.ckpt",0.999000,0.932000,0.828,0.800000,0.934000,13.940,OK,4
"0-55000.ckpt",0.999000,0.932000,0.830,0.799000,0.926000,13.760,OK,4
"0-62000.ckpt",0.997000,0.925000,0.833,0.776000,0.911000,13.536,OK,4
"0-7000.ckpt",1.000000,0.932000,0.813,0.844000,0.942000,13.670,OK,4
"0-77000.ckpt",1.000000,0.931000,0.834,0.794000,0.927000,14.015,OK,4
"0-84000.ckpt",0.998000,0.925000,0.831,0.792000,0.918000,13.932,OK,4
"0-91000.ckpt",0.999000,0.932000,0.828,0.809000,0.929000,13.860,OK,4
"0-99000.ckpt",1.000000,0.940000,0.830,0.805000,0.929000,13.708,OK,4
"1-210000.ckpt",1.000000,0.933000,0.833,0.778000,0.928000,13.450,OK,4
"1-218000.ckpt",1.000000,0.932000,0.830,0.792000,0.933000,13.763,OK,4
"1-226000.ckpt",1.000000,0.929000,0.827,0.777000,0.922000,14.559,OK,4
"1-234000.ckpt",1.000000,0.934000,0.829,0.784000,0.925000,14.238,OK,4
"1-242000.ckpt",0.999000,0.929000,0.830,0.770000,0.918000,14.100,OK,4
"1-250000.ckpt",1.000000,0.932000,0.828,0.779000,0.920000,13.732,OK,4
"1-258000.ckpt",1.000000,0.928000,0.827,0.770000,0.921000,13.682,OK,4
"1-266000.ckpt",1.000000,0.929000,0.826,0.792000,0.934000,13.627,OK,4
"1-274000.ckpt",1.000000,0.932000,0.825,0.782000,0.933000,13.836,OK,4
"1-282000.ckpt",1.000000,0.926000,0.829,0.790000,0.926000,14.158,OK,4
"1-290000.ckpt",1.000000,0.931000,0.827,0.804000,0.933000,14.117,OK,4
"1-298000.ckpt",1.000000,0.927000,0.831,0.779000,0.921000,13.326,OK,4
"best.ckpt",1.000000,0.926000,0.829,0.786000,0.929000,13.728,OK,4
"0-102000.ckpt",1.000000,0.957000,0.829,0.806000,0.948000,14.387,OK,5
"0-11000.ckpt",0.999000,0.954000,0.821,0.857000,0.952000,13.611,OK,5
"0-117000.ckpt",0.998000,0.948000,0.830,0.803000,0.942000,13.533,OK,5
"0-124000.ckpt",1.000000,0.938000,0.830,0.802000,0.937000,13.626,OK,5
"0-131000.ckpt",1.000000,0.934000,0.831,0.777000,0.920000,13.793,OK,5
"0-139000.ckpt",0.999000,0.922000,0.827,0.760000,0.919000,13.653,OK,5
"0-146000.ckpt",1.000000,0.934000,0.830,0.774000,0.929000,13.765,OK,5
"0-152000.ckpt",1.000000,0.935000,0.827,0.773000,0.926000,13.357,OK,5
"0-16000.ckpt",1.000000,0.967000,0.826,0.856000,0.965000,13.607,OK,5
"0-167000.ckpt",1.000000,0.941000,0.829,0.785000,0.932000,13.481,OK,5
"0-174000.ckpt",1.000000,0.942000,0.827,0.785000,0.922000,13.512,OK,5
"0-181000.ckpt",1.000000,0.930000,0.828,0.782000,0.920000,14.145,OK,5
"0-189000.ckpt",1.000000,0.927000,0.830,0.761000,0.922000,14.327,OK,5
"0-196000.ckpt",1.000000,0.929000,0.830,0.778000,0.926000,13.796,OK,5
"0-202000.ckpt",0.999000,0.929000,0.831,0.804000,0.932000,13.734,OK,5
"0-28000.ckpt",0.998000,0.949000,0.829,0.856000,0.949000,14.217,OK,5
"0-35000.ckpt",0.999000,0.933000,0.827,0.847000,0.938000,13.893,OK,5
"0-42000.ckpt",0.999000,0.940000,0.831,0.826000,0.933000,13.513,OK,5
"0-5000-v1.ckpt",0.999000,0.874000,0.811,0.834000,0.902000,13.540,OK,5
"0-56000.ckpt",0.999000,0.933000,0.830,0.805000,0.927000,13.726,OK,5
"0-63000.ckpt",0.997000,0.920000,0.834,0.778000,0.909000,13.656,OK,5
"0-70000.ckpt",0.999000,0.942000,0.833,0.807000,0.935000,13.684,OK,5
"0-78000.ckpt",1.000000,0.931000,0.833,0.797000,0.920000,13.625,OK,5
"0-85000.ckpt",0.998000,0.945000,0.831,0.803000,0.934000,14.290,OK,5
"0-92000.ckpt",0.999000,0.930000,0.828,0.810000,0.928000,14.006,OK,5
"1-203000.ckpt",0.999000,0.933000,0.829,0.783000,0.936000,14.036,OK,5
"1-211000.ckpt",1.000000,0.935000,0.833,0.769000,0.924000,13.604,OK,5
"1-219000.ckpt",1.000000,0.935000,0.830,0.794000,0.929000,13.698,OK,5
"1-227000.ckpt",1.000000,0.928000,0.828,0.781000,0.921000,14.348,OK,5
"1-235000.ckpt",1.000000,0.931000,0.827,0.780000,0.921000,14.437,OK,5
"1-243000.ckpt",1.000000,0.926000,0.828,0.768000,0.919000,13.770,OK,5
"1-251000.ckpt",1.000000,0.934000,0.828,0.779000,0.921000,13.847,OK,5
"1-259000.ckpt",1.000000,0.929000,0.827,0.775000,0.920000,13.459,OK,5
"1-267000.ckpt",1.000000,0.923000,0.826,0.792000,0.928000,13.985,OK,5
"1-275000.ckpt",1.000000,0.932000,0.827,0.787000,0.931000,13.766,OK,5
"1-283000.ckpt",1.000000,0.928000,0.829,0.787000,0.932000,13.903,OK,5
"1-291000.ckpt",1.000000,0.925000,0.830,0.788000,0.926000,13.963,OK,5
"1-299000.ckpt",1.000000,0.927000,0.831,0.784000,0.926000,13.520,OK,5
"last-v1.ckpt",1.000000,0.960000,0.821,0.878000,0.971000,13.416,OK,5
"0-103000.ckpt",1.000000,0.956000,0.829,0.811000,0.946000,15.548,OK,6
"0-110000.ckpt",0.998000,0.954000,0.830,0.805000,0.933000,14.329,OK,6
"0-118000.ckpt",0.998000,0.948000,0.830,0.801000,0.942000,14.345,OK,6
"0-125000.ckpt",1.000000,0.931000,0.828,0.807000,0.937000,13.443,OK,6
"0-132000.ckpt",1.000000,0.937000,0.827,0.800000,0.934000,13.794,OK,6
"0-14000.ckpt",1.000000,0.966000,0.818,0.864000,0.965000,14.088,OK,6
"0-147000.ckpt",1.000000,0.935000,0.827,0.777000,0.924000,13.842,OK,6
"0-153000.ckpt",1.000000,0.930000,0.827,0.772000,0.923000,13.771,OK,6
"0-160000.ckpt",1.000000,0.933000,0.829,0.765000,0.918000,14.006,OK,6
"0-168000.ckpt",1.000000,0.939000,0.828,0.789000,0.930000,13.973,OK,6
"0-175000.ckpt",1.000000,0.940000,0.828,0.789000,0.918000,14.267,OK,6
"0-182000.ckpt",1.000000,0.935000,0.827,0.780000,0.924000,14.273,OK,6
"0-19000.ckpt",1.000000,0.963000,0.821,0.848000,0.956000,14.097,OK,6
"0-197000.ckpt",1.000000,0.930000,0.834,0.775000,0.928000,13.708,OK,6
"0-21000.ckpt",0.998000,0.954000,0.823,0.825000,0.938000,13.960,OK,6
"0-29000.ckpt",0.998000,0.952000,0.828,0.848000,0.946000,13.607,OK,6
"0-36000.ckpt",0.999000,0.933000,0.831,0.834000,0.935000,13.515,OK,6
"0-43000.ckpt",0.999000,0.929000,0.827,0.818000,0.930000,13.669,OK,6
"0-5000.ckpt",0.999000,0.874000,0.811,0.834000,0.902000,13.570,OK,6
"0-57000.ckpt",0.998000,0.924000,0.831,0.784000,0.922000,13.667,OK,6
"0-64000.ckpt",0.998000,0.921000,0.833,0.769000,0.912000,13.717,OK,6
"0-71000.ckpt",0.996000,0.947000,0.834,0.801000,0.935000,13.835,OK,6
"0-79000.ckpt",0.996000,0.946000,0.832,0.808000,0.928000,14.377,OK,6
"0-86000.ckpt",0.998000,0.930000,0.832,0.785000,0.915000,13.727,OK,6
"0-93000.ckpt",1.000000,0.930000,0.829,0.806000,0.927000,13.813,OK,6
"1-204000.ckpt",0.999000,0.938000,0.828,0.795000,0.943000,13.677,OK,6
"1-212000.ckpt",1.000000,0.936000,0.832,0.772000,0.927000,14.149,OK,6
"1-220000.ckpt",1.000000,0.929000,0.831,0.789000,0.923000,13.775,OK,6
"1-228000.ckpt",1.000000,0.926000,0.828,0.773000,0.920000,14.349,OK,6
"1-236000.ckpt",1.000000,0.927000,0.827,0.777000,0.922000,14.486,OK,6
"1-244000.ckpt",0.999000,0.926000,0.829,0.774000,0.918000,14.088,OK,6
"1-252000.ckpt",1.000000,0.939000,0.828,0.775000,0.919000,14.120,OK,6
"1-260000.ckpt",1.000000,0.934000,0.829,0.782000,0.921000,14.020,OK,6
"1-268000.ckpt",1.000000,0.930000,0.826,0.793000,0.933000,14.283,OK,6
"1-276000.ckpt",1.000000,0.938000,0.829,0.789000,0.933000,13.880,OK,6
"1-284000.ckpt",1.000000,0.936000,0.829,0.793000,0.931000,13.895,OK,6
"1-292000.ckpt",1.000000,0.933000,0.828,0.793000,0.926000,13.885,OK,6
"1-300000.ckpt",1.000000,0.925000,0.832,0.772000,0.918000,14.398,OK,6
"last.ckpt",1.000000,0.929000,0.827,0.773000,0.930000,14.218,OK,6
"0-104000.ckpt",1.000000,0.954000,0.829,0.809000,0.945000,15.628,OK,7
"0-111000.ckpt",0.998000,0.951000,0.832,0.803000,0.938000,13.830,OK,7
"0-119000.ckpt",1.000000,0.946000,0.830,0.810000,0.939000,13.776,OK,7
"0-126000.ckpt",1.000000,0.934000,0.828,0.805000,0.939000,13.783,OK,7
"0-133000.ckpt",1.000000,0.930000,0.829,0.789000,0.926000,14.193,OK,7
"0-140000.ckpt",1.000000,0.925000,0.827,0.749000,0.924000,13.928,OK,7
"0-148000.ckpt",1.000000,0.937000,0.827,0.772000,0.921000,13.921,OK,7
"0-154000.ckpt",0.999000,0.940000,0.831,0.775000,0.927000,13.629,OK,7
"0-161000.ckpt",1.000000,0.937000,0.830,0.755000,0.921000,13.521,OK,7
"0-169000.ckpt",1.000000,0.934000,0.828,0.790000,0.924000,13.642,OK,7
"0-176000.ckpt",1.000000,0.942000,0.829,0.789000,0.919000,14.275,OK,7
"0-183000.ckpt",1.000000,0.922000,0.829,0.772000,0.922000,14.095,OK,7
"0-190000.ckpt",1.000000,0.924000,0.829,0.780000,0.916000,13.751,OK,7
"0-198000.ckpt",1.000000,0.928000,0.833,0.780000,0.929000,13.972,OK,7
"0-22000.ckpt",0.999000,0.957000,0.824,0.821000,0.938000,13.571,OK,7
"0-3000.ckpt",0.998000,0.926000,0.805,0.878000,0.929000,13.834,OK,7
"0-37000.ckpt",0.999000,0.929000,0.832,0.839000,0.948000,13.725,OK,7
"0-44000.ckpt",1.000000,0.950000,0.824,0.843000,0.945000,14.189,OK,7
"0-50000.ckpt",1.000000,0.934000,0.831,0.799000,0.934000,13.827,OK,7
"0-58000.ckpt",0.998000,0.925000,0.833,0.786000,0.916000,13.649,OK,7
"0-65000.ckpt",0.997000,0.937000,0.833,0.791000,0.934000,13.709,OK,7
"0-72000.ckpt",0.997000,0.922000,0.835,0.784000,0.917000,14.077,OK,7
"0-8000.ckpt",0.999000,0.924000,0.818,0.846000,0.929000,14.093,OK,7
"0-87000.ckpt",0.997000,0.928000,0.832,0.789000,0.912000,14.284,OK,7
"0-94000.ckpt",1.000000,0.933000,0.830,0.809000,0.928000,13.386,OK,7
"1-205000.ckpt",1.000000,0.933000,0.829,0.786000,0.938000,13.781,OK,7
"1-213000.ckpt",1.000000,0.937000,0.831,0.784000,0.927000,13.665,OK,7
"1-221000.ckpt",1.000000,0.929000,0.831,0.789000,0.929000,14.059,OK,7
"1-229000.ckpt",0.999000,0.931000,0.827,0.783000,0.923000,14.253,OK,7
"1-237000.ckpt",1.000000,0.931000,0.829,0.770000,0.922000,13.501,OK,7
"1-245000.ckpt",1.000000,0.930000,0.829,0.771000,0.921000,13.786,OK,7
"1-253000.ckpt",0.999000,0.936000,0.826,0.776000,0.924000,13.800,OK,7
"1-261000.ckpt",1.000000,0.928000,0.828,0.788000,0.923000,13.828,OK,7
"1-269000.ckpt",1.000000,0.923000,0.825,0.791000,0.932000,13.964,OK,7
"1-277000.ckpt",1.000000,0.921000,0.827,0.776000,0.928000,14.359,OK,7
"1-285000.ckpt",1.000000,0.935000,0.830,0.788000,0.929000,13.698,OK,7
"1-293000.ckpt",1.000000,0.927000,0.827,0.804000,0.930000,14.119,OK,7
"1-301000.ckpt",1.000000,0.923000,0.831,0.782000,0.925000,13.826,OK,7
