call_idx,smiles,score
1,Cn1c(C(=O)NC2CCc3cc(C#N)ccc32)cc2c(=O)n3ccccc3nc21,0.5755495049682996
2,COCCC(C)Nc1ncnc2sc(-c3ccccc3)cc12,0.7408281803177504
3,CC(NC(=O)C(=O)NCC1(C)CCCS1)c1cccc(C(F)(F)F)c1,0.7954960094342135
4,COc1nc(C)ccc1C(=O)N1CC2COCC(C1)C2NC(=O)CCc1cnccc1C(F)(F)F,0.6666691947191512
5,CC1CCCc2c1nnn2-c1ccc(C(F)(F)F)cc1,0.7971413417065601
6,CNC(=O)c1cccc(NC(=O)C(=O)N2CCN(C(=O)N3CCCCC3)CC2)c1C,0.7049185454099222
7,Cc1cc(C)cc(NC(=O)c2cn(C(C)(C)C)nc2C)c1,0.911548045331228
8,CCn1cc(CC(=O)NC(CNC(=O)OC(C)(C)C)C2CCCCC2)c2ccccc21,0.6670231336266106
9,O=C1CC(CC(=O)N(CCO)CC2CC2)c2ccccc2N1,0.8406219650776047
10,CCOC(=O)C(OCc1c(OC)cccc1C(=O)OC)c1ccccc1F,0.6574985808525448
11,O=C(c1ccc(O)c([N+](=O)[O-])c1)N1CCC(c2nc3ccccc3s2)CC1,0.5459215422034498
12,CC(C)N1CC(C(=O)Nc2ccnn2-c2ccc([N+](=O)[O-])cc2)CC1=O,0.6496457331592563
13,Cc1cncc(CC(=O)N2CCCCC2CNC(=O)CC2CC2C2CC2)c1,0.8038218760014244
14,COC(=O)c1ccc(NC(=O)N2CCC(OC3CCOC3)CC2)cc1C(=O)OC,0.746700298093037
15,O=C(O)C1CN(C(=O)c2cc[nH]c2)CC1c1ccccc1,0.9044742667754533
16,Cc1ccc2c(c1)CN(C(=O)C(=O)N1CCC(C)(O)C1)CCO2,0.7150092368347812
17,COc1ccc(N2OC(CO)C(c3ccccc3)O2)cc1C,0.9408167453176093
18,CN(C)C(=O)c1ccc(Cl)c(NCC(O)=Nc2ccc(F)c(F)c2F)c1,0.4612301001378945
19,N#Cc1cccc(C2CN(C(=O)c3cc(F)ccc3Cl)CCO2)c1,0.8365811503862051
20,CN1CCC(N(Cc2ccccc2)C(O)=Nc2ccc(Cl)cc2F)CC1,0.6255970684931607
21,COc1ccccc1-n1c(C)cc(N2CCC3OCC(=O)NC3C2)c1C,0.9170883967534181
22,Cc1cc(C)c2sccc2c1C,0.572035219936423
23,O=C(O)C1CC(=O)N(c2ccccc2C(O)=Nc2ccccc2F)C1,0.6602191959457108
24,O=C1CC(C2CCN(C(=O)Cc3cncnc3)CC2)CN1,0.8730183239463148
25,N#Cc1cccc(-c2noc(Cc3ccc(Br)c(Cl)c3)n2)c1,0.6711025963751589
26,Cc1cnccc1OC1CCN(C(=O)c2ccc3c(c2)OCCN3C)C1,0.8486546420558811
27,CC1CCCc2nnc(-c3ccc([N+](=O)[O-])o3)n21,0.6009004788215835
28,CC(NC(=O)c1nn(-c2ccc(F)cc2)cc1O)c1ccc2c(c1)CCC(=O)N2,0.6335944244111261
29,COC(=O)c1cn(C)nc1NC(=O)NC(C)c1nc(C2CCCCC2)no1,0.7682754086923336
30,COCCC(C)NC(=O)NCc1ccc(Br)cc1Oc1ccccc1,0.6792364534297015
31,Cc1ccc2nc(Cn3c(C)nc4ccccc4c3=O)cc(=O)n2c1,0.5633919669869641
32,CNC(=O)CNC(=O)c1nnn(Cc2ccccc2)c1-c1ccccc1,0.7052260331234075
33,CCn1cc(C(=O)NC2CCOC2c2c(C)nn(C)c2C)c(-c2ccccc2)n1,0.7225104989871625
34,COc1nc(C)cc(C)c1CNC(=O)N1CCC(n2cc(C)cn2)C1,0.9249592179784468
35,CCOC(=O)N1CCCC(C(C)NC(=O)CCc2ccc(=O)[nH]c2)C1,0.817305435392876
36,CC(C)N1C(=O)c2ccc(C(=O)NN3CCCCC3=O)cc2S1(=O)=O,0.8568814742319816
37,CN1CCC(CN=C(O)CC(CN)OCc2ccccc2)CC1,0.5691931950994056
38,Cn1c(C(=O)N2CCC(CNC(=O)c3cc(C4CC4)on3)C2c2cccnc2)ccc1C(F)(F)F,0.5687235292405163
39,O=C(c1ccccc1)N1CCC(Nc2cc(N3CCOCC3)ncn2)C1,0.901088246168532
40,CN(C)C(=O)N1CCC(C(=O)N(CCC#N)CC2CC2)CC1,0.7733692213051517
41,COc1cccc(CNC(=O)N(C)C2CCOC(c3ccc(F)cc3)C2)c1OC,0.7960973727924627
42,COc1nc(C)ccc1C(=O)N1CCC(CNC(=O)CNc2ccc(F)cc2)C1c1cccnc1,0.516569549422341
43,O=C(O)C1CCC(C(=O)N2CC3CCCC3C2)C1,0.8130369761732892
44,Cc1cncc(NC(=O)c2ccc3c(c2)NC(=O)CO3)c1,0.8827018860966852
45,Cc1cc(C)nc(NC(=O)C(=O)NC2COc3c(F)cc(F)cc3C2)c1,0.8024868211520474
46,O=C(c1c[nH]c2ccc(C(F)(F)F)cc2c1=O)N1CCc2onc(Cn3cccn3)c2C1,0.5252232213419401
47,CC(C)N1CCN(C(=O)C(=O)NCC(C)(C)Oc2ccccc2)CC1=O,0.795054484070524
48,N#Cc1cc(C(=O)N2CCCCCC2)ccc1C(F)(F)F,0.7945506349505773
49,CCOC(=O)C1CCC(Oc2ccc(C(=O)OC)c(C(F)(F)F)c2)CC1,0.7294988176139227
50,COC(=O)C1CCC(C(=O)NC2CCC(NC(C)=O)CC2)O1,0.7268582959822169
51,CC(NC(=O)CC(N)=O)C1CCN(C(=O)CCc2nccs2)C1,0.6977155119674029
52,CC1CCCc2nc(-c3ccc(S(=O)(=O)N(C)C)cc3)cn21,0.8738253771651978
53,COCCC(CO)NC(=O)Nc1cc(Br)c(F)cc1F,0.6873613443489993
54,CCn1cc(-c2noc(CCN=C3NS(=O)(=O)c4ccccc43)n2)c(=O)[nH]c1=O,0.5882855125488016
55,CNC(=O)c1cccc(NC(=O)c2ccn(CCn3cccn3)n2)c1Br,0.6429769222699898
56,CN(C)C(=O)C1=NOC2CN(C(=O)C3(c4cccs4)CC3)CC12,0.8315158790766236
57,Cc1ccc2sc(N3CCC4(CCCN(Cc5cccc(Cl)c5)C4=O)C3)nc2c1C,0.5336303845145792
58,CN1CCC(CCNC(O)=NCc2ccnc(N3CCCCC3)c2)CC1,0.6039737148310357
59,Cn1c(C(=O)N2CCC(C3CCCCN3C(=O)c3c(Cl)ccc(Cl)c3O)CC2)cccc1=O,0.7038959931520464
60,COc1ccc(C2CCN(C(=O)c3nc(N4CCCC4)ncc3Cl)C2)cc1F,0.7800642216040763
61,Cc1cnccc1C(=O)NCC(O)CNC(=O)c1occc1C(C)C,0.707325582158985
62,O=C([O-])c1ccc(C[NH+]2CCCC2C(=O)O)c2ncccc12,0.7730322728470466
63,Cc1cc(CN=C(O)N2CCCC(C3(C)OCCO3)C2)ccc1-c1ccccc1,0.6105052503256525
64,CC1CCCc2nnc(COc3cc(O)n(Cc4ccccc4)c3O)n21,0.7355712310720813
65,COc1nc(C)ncc1C(=O)NCC1CN(C(=O)c2cccn2C)CC1C,0.8549463514556692
66,CC(C)N1C(=O)OCc2ccc(C(=O)N3CCCC3C3=NN(c4ccccc4)C(c4ccccc4)C3)cc21,0.41382568661356994
67,N#Cc1cc(Cl)c(N2Cc3nccn3CC(COCC(=O)N3CCCC3)C2)nc1C(F)(F)F,0.6505628731325608
68,O=C(c1cc(C(F)(F)F)c[nH]c1=O)N1CC(O)C(NC(=O)C23COCC2C3)C1,0.6458962070780893
69,CCOC(=O)c1c(OC(CC)C(C)C)c(F)cn1Cc1ccccc1,0.6518704759910852
70,CN(C)C(CN=C(O)NCC(F)(F)F)c1cccc(C(F)(F)F)c1,0.4825969974244887
71,COC(=O)c1ccccc1CSCC(=O)NC(C)c1ccccc1OC,0.7165520468357434
72,CC(NC(=O)COC1CCOC1)c1c(F)cccc1Cl,0.9086212973316794
73,O=C1CC(C(=O)N(Cc2cccc(F)c2)CC2CCCO2)CN1CCc1ccc(F)cc1,0.6282532262690267
74,COCCC(C)S(=O)(=O)NC1CCC(C)(C)CC1c1ccccc1,0.8131475512391366
75,CNC(=O)CC(C)NC(=O)C(=O)Nc1c(NCCOC)ncnc1OC,0.32501606809361716
76,CCn1cc(C(=O)NC2CCN(C(=O)C3CC3C(C)(C)C)C2)nn1,0.9007967577003363
77,Cn1c(C(=O)Nc2ccccc2)nnc1S(=O)(=O)Cc1ccc(Cl)c(Cl)c1,0.6768526026693348
78,Cc1ccc2c(c1)[nH]c1nnc(C3CC3)n12,0.6728387519552589
79,CN1CCC(Nc2ccc3nccnc3c2)C1c1ccc(Cl)c(F)c1,0.7601260764116105
80,COc1ccc(C)cc1NC(=O)C1CC(=O)N(c2ccc(C)c(C)c2)C1,0.9143446541429324
81,Cc1cnccc1OC1CCCN(S(=O)(=O)Cc2cc(C#N)ccc2F)C1,0.7851943489091447
82,O=C1CC2C=CCC(C(=O)O)C2N1,0.5657985683077035
83,CC(NC(=O)CNC(=O)c1c(Cl)cccc1[N+](=O)[O-])C(O)Cc1ccccc1,0.4582364789122744
84,COc1nc(-c2cc(F)c(OC)c(F)c2)ncc1C(F)(F)F,0.8125896101320615
85,Cc1cc(C)cc(C(=O)NC2CC3CCC2N3C(=O)Cc2ccn(C)n2)c1,0.901491389093778
86,CC1CCCc2nc(S(=O)(=O)N3CCC(N4CCNC4=O)CC3)cn21.Cl,0.8253796256008559
87,CCn1cc(NS(=O)(=O)c2ccc(C(=O)OC)c(F)c2)c(C(N)=O)n1,0.7201753522631623
88,N#Cc1ccc(CN2CCC(NC(=O)Nc3ccc(C(C#N)c4ccccc4)cc3)C2=O)cc1,0.5894522519773693
89,O=C(c1cnn(C2CCCCC2)c1)c1ccccc1Cl,0.7905251092000676
90,COCCC(C)NC(=O)Nc1ncccc1OC(C)c1ccccc1,0.7651868843103494
91,CC(C)N1CCCC(N(C)CC(=O)N2CCOCC2)C1=O,0.7425187202796677
92,CCOC(=O)C(CC1CCCO1)NC(=O)C1CC(=O)N(CCc2ccc(OC)c(OC)c2)C1,0.4995177168717844
93,COC(=O)C(OCCCC1OCCO1)C(F)(F)F,0.5379638505007142
94,CN(C)C(=O)c1ccc(NC(=O)C2CC2c2cccc(C#N)c2)c(F)c1,0.9195862826653537
95,O=C1CC(C(=O)N2CCOC3(COCCN(C(=O)C4CC4(F)Cl)C3)C2)CN1Cc1ccccc1,0.592666326120741
96,CN1CCC(CC(C)(CO)NC2CC2)C1=O,0.7113728874468261
97,COc1ccc(OC(=O)C2(c3ccc(OC)c(OC)c3)CCCC2)cc1OC,0.5264541841441656
98,Cc1ccc2[nH]c(C(=O)NCC(O)=NCc3ccco3)cc2c1C,0.49653727247517226
99,Cn1c(C(=O)N2CCOC(c3ccc(F)cc3F)C2)ccc1-c1ccc(F)cc1,0.6562569417388222
100,CNC(=O)c1ccc(OC)c(NC(=O)NC(c2ccc(C(C)C)cc2)C(C)C)c1,0.6336542230970237
101,Cc1cnccc1CNC(=O)NCc1csc(-c2ccc(C(F)(F)F)cc2)n1,0.654189110367211
102,COc1nc(C(F)(F)F)c(C(=O)Nc2nnco2)s1,0.9280066898517729
103,Cc1cc(C(=O)NC(C)C(c2ccccc2)c2ccccc2)ccc1N1CCNC1=O,0.626132257911915
104,O=C(O)C(Cc1c[nH]c2ccccc12)NS(=O)(=O)CCC(F)(F)F,0.6999993446860269
105,CC1CCCC(C)C1NS(=O)(=O)c1cn2c(n1)CCCC2C,0.9291597465805705
106,CCn1cc(CN(C)C(=O)C(=O)Nc2ccccc2CN(C)c2ccccc2)cn1,0.6133226559674818
107,CN(C)C(=O)c1ccc(CNC(=O)C2CCN(c3oc(-c4ccco4)nc3C#N)CC2)cc1,0.6173620907651104
108,CC(NC(=O)C(=O)Nc1cccc2c1OCO2)C(=O)N1CCCCC1C,0.7902664555812875
109,O=C(c1cc(Cl)c[nH]1)N(Cc1cc(F)ccc1F)C1CCCC1,0.8730637684351152
110,COCCC(C)NC(=O)NC1CCCc2nc(-c3ccc(F)cc3)sc21,0.7982145015969628
111,CC(C)N1CCC(NC(=O)c2nn(Cc3ccccc3)c(=O)c3ccccc23)C1=O,0.7065090154017397
112,N#Cc1ccc(NC(=O)C(=O)NC2CCC3SCCSC23)nc1,0.7844136880137064
113,CCOC(=O)c1sc(N)c(C#N)c1COC(=O)Cc1ccccc1Cl,0.7732625014410016
114,COC(=O)c1ccc(N2CCCC2)c(NC(=O)N2CCC(N3CC(C(=O)OC(C)(C)C)CC3=O)CC2)c1,0.6010324002003488
115,O=C1CC(c2noc(-c3cnn(-c4ccccc4Cl)c3)n2)CN1CC1CC1,0.6751450055110471
116,CN1CCC(O)=Nc2c1cc(Cl)c(Cl)c2O,0.7538647012573249
117,COc1ccccc1C=NOC(C(=O)NC1CCCCCCC1)C(C)C,0.5824462953372284
118,COc1nc(NCc2cn(Cc3ccccc3C(F)(F)F)cn2)cn2ccnc12,0.5336422329284036
119,Cn1c(C(=O)OCC2(C)CC2(Cl)Cl)c(Cl)c2ccccc21,0.6018406206488118
120,Cc1ccc2nc(C3CCCN3C(=O)C(=O)NCC3CSCCS3)[nH]c2c1,0.7688228836829398
121,CNC(=O)c1ccc(CS(=O)(=O)NC2CC2C2CCCCC2)cc1,0.8272986989053678
122,Cc1cncc(-c2noc(-c3cc(-c4ccc(C)o4)[nH]n3)n2)c1,0.6231543496888452
123,Cc1cc(C(=O)OC2CCOc3ccccc32)cc(C)c1OCc1cccnc1,0.5775391046707282
124,O=C(O)C1CC2CCCCC2N1C(=O)CN1CCCCCCC1=O,0.8551733002028692
125,CC(NC(=O)Nc1cc(F)ccc1N1CCCCC1)c1ccc2[nH]c(=O)oc2c1,0.6162683347840594
126,O=C(c1cccc(C2OCCO2)c1)N1Cc2ccc(Br)cc2C1,0.8057109504395039
127,CCn1cc(CN2CCN(CCO)C3CS(=O)(=O)CC32)cn1,0.760739406584532
128,CN(C)C(=O)C1CCN(C(=O)C2C3CCC(O3)C2C(F)(F)F)C1,0.7643611494591745
129,COCCC(CO)NC(=O)NCc1ccccc1OCC1CC1,0.6120934826816009
130,N#Cc1ccc(OCc2nnc(N3CCOC(C(F)(F)F)C3)n2Cc2cccc(C(F)(F)F)n2)cc1,0.46227824683722224
131,CC(C)N1CC(C(=O)N2CC(O)C(NC(=O)c3ccnn3C)C2)CC1=O,0.7118635476748022
132,CCOC(=O)C=C1SCC(=O)N1CC(O)Cc1cccc(Cl)c1,0.6257587756986034
133,O=C1CC(C(=O)NC2CCN(c3ncsn3)CC2)C2CCCCC2N1,0.8456635430791618
134,CNC(=O)c1cc(Nc2cc3n(n2)CCCO3)ccc1F,0.9057785555296269
135,COC(=O)CNC(=O)c1ccc(NC(C)CC(=O)N(C)Cc2cccc(Cl)c2)cc1,0.5955295611691696
136,COc1ccc(-c2ncccc2C(=O)N2CC3COCC(C2)C3NC(=O)CNC(=O)N(C)C)cc1,0.6418758750844262
137,CN1CCC(N2CCN(C(C(=O)N3CCCCC3)c3ccccc3)CC2)C1=O,0.7910237580263261
138,Cc1ccc2[nH]c(C(=O)NCCCN3C(=O)NC4(CCCCC4)C3=O)c(Cl)c2c1C,0.49686256546334584
139,COc1nc(S(=O)(=O)N2CCC(Oc3cc(C(F)(F)F)ncn3)C2)ccc1F,0.6793607070613912
140,O=C(O)C1COCCN1C(=O)C1CC=CCC1,0.7185802199474136
141,Cc1cncc(CNC(=O)NCC(C)(C)CC(C)C)c1,0.8382452950333454
142,O=C(c1cn(-c2ccccc2)cn1)N1CCOc2cc(F)ccc2C1,0.7220412516687628
143,Cc1cc(C)cc(CNC(=O)Cc2nc(-c3ccc(S(C)(=O)=O)cc3)cs2)c1,0.6674147358488907
144,CN(C)C(=O)Nc1cccc(C(=O)N(C)CC2CCCOC2c2ccccc2)c1,0.8317428560753346
145,CCn1cc(N(Cc2ccnc3ccccc23)CC(C)C)cn1,0.6868644460788919
146,CC1CCCc2ccccc2C1N=C(O)N1CCOC2(CCOCC2)C1,0.474250226279795
147,CC(NC(=O)NCC1CC=CCC1)c1ccc(N2CCCC2=O)cc1,0.804967123280781
148,CNC(=O)C(NC(=O)c1cc2c(s1)CCC(C(C)(C)C)C2)C(C)C,0.8742412744477666
149,CC(C)N1CCC(C(=O)N2CCCc3cc(Cl)cc(F)c32)C1=O,0.7776996811086019
150,COCCC(C)NC(=O)C(C)(C)S(=O)(=O)c1ccc(Br)cc1,0.7742711512874474
151,N#Cc1cc(F)cnc1N1Cc2cncn2CC(COc2cccnc2)C1,0.707232131340598
152,O=C1CC(C(=O)N2CCC3(CN(C(=O)CCCc4ccc(C(F)(F)F)cc4)CCO3)C2)CCN1,0.7007304208737266
153,CCOC(=O)C(CC)(CC)NC(=O)Cn1cc(C)c2ccccc21,0.7932338211714873
154,CN1CCC(CN(C)C(O)=NCCN2CCCCCC2=O)CC1,0.616021414153437
155,COc1ccc(Cn2c(C3CCCN(C(=O)OC(C)(C)C)C3)nnc2N2CCN(C)C(=O)C2C)cn1,0.6179355544109525
156,COC(=O)CN(Cc1ccc(C(F)(F)F)cc1)C(=O)c1csc(Cc2ccc(F)cc2)n1,0.37399659322448037
157,COc1nc(NCc2cn(C)nc2C)nc2c1cnn2C(C)(C)C,0.7902767676941299
158,O=C(O)C1C2CCC(CC2)C1C(O)=NC(O)=NCc1ccncc1,0.5791440043689563
159,Cc1cnccc1COC(=O)C1(c2c(Cl)cccc2Cl)CC1,0.7734147620050171
160,CN(C)C(=O)COc1ccc(NC(=O)C(=O)N(C)CCc2ccccc2F)cc1Cl,0.6778791099761952
161,O=C(c1cc(-c2ccncc2)n[nH]1)N1CCC2(C1)CN(C(=O)c1cc3c(s1)CCCC3)CCO2,0.6257576041814142
162,CC(NC(=O)Nc1cccnc1N1CCOCC1)c1ccc(F)c2ccccc12,0.6994405835012011
163,Cc1cc(C(=O)NCC2CN(C(=O)C(C)C(F)(F)F)CC2C)c(C)n1C,0.8822931503709035
164,CCn1cc(C(=O)N2CCC(Oc3cc(C)ccc3C)CC2)c2ccccc21,0.6447964286247395
165,CNC(=O)C1CN(C(=O)C(=O)NC2CCCOc3cc(F)ccc32)c2ccccc2O1,0.7114686058623487
166,Cc1ccc2cc(C(=O)NCC34CCCOC3CCN(C(=O)c3ccc(C)c(F)c3F)C4)sc2c1,0.5354921137090368
167,CC1CCCc2nc(S(=O)(=O)NC3CCCc4sccc43)cn21,0.9234607992520284
168,CC(C)N1CCCC(OC(=O)Cn2cc(C(N)=O)c3ccccc32)C1=O,0.8238825253901864
169,COCCC(C)S(=O)(=O)NC1c2ccccc2OC1C,0.8704661941966372
170,N#Cc1ccc(OCc2ccc(C(=O)Nc3ncccc3O)o2)cc1,0.7415014799868034
171,O=C1CC(NC(=O)N2CCCC2c2cc(F)cc(Br)c2)CN1C1CCCCC1,0.7409310763566874
172,CCOC(=O)N(C)C1CCN(c2nnc(-c3cccnc3)n2CC2CCOCC2C)CC1,0.6795361190665581
173,COc1ccccc1-n1c(C)nnc1SCC(=O)NC12CCCC1C2,0.8043217516234072
174,COc1nc(C(F)(F)F)c(C(=O)NCC2OCC3CCN(C(=O)c4ncccc4F)CC32)s1,0.6508574269166307
175,Cn1c(C(=O)N2CC3COCC(C2)C3NC(=O)c2ccc(N3CCCC3)c(F)c2)cc2ccccc21,0.6087018329779631
176,CN1CCC(C2CN(Cc3cn4cccnc4n3)CC2c2nc(C3CC3)no2)CC1.O=C(O)C(F)(F)F,0.5408900197821203
177,Cc1cncc(NC(=O)c2cc3cc(C)ccc3o2)c1,0.7690978439576969
178,Cc1cc(C)cc(C(=O)N2CCC(OCc3ccccc3)CC2)c1,0.8466785305505631
179,O=C(O)C1CC2CCCCC2N1C(=O)Cc1cccc(OCc2ccc(Cl)cc2)c1,0.7247483122233297
180,CN(C)C(=O)c1ccccc1OC1CN(C(=O)OC(C)(C)C)CC1C#N,0.8280528773184341
181,CC(NC(=O)COC1CCOC1)c1cccc(O)c1,0.8435749324208734
182,COCCC(C)S(=O)(=O)N1CCCC1c1nc2ccc(C)cc2[nH]1,0.8681867370886147
183,O=C(c1ccccc1)N1CCN(Cc2cnn3ccccc23)CC1,0.7433632743708932
184,CC1CCCc2nc(S(=O)(=O)Nc3ccccc3SCCC#N)cn21,0.6147702191425273
185,CNC(=O)c1cc(Nc2ccc(C(C)(C)CNC(=O)OC(C)(C)C)cc2)ccc1F,0.6371916259003985
186,CCn1cc(C(=O)NC2CC(C)CC(c3ccccc3)C2)c(C2CCOCC2)n1,0.8109376185019593
187,COC(=O)Cc1cc(=O)n(-c2ccc(C(=O)NC(c3nc(C)cs3)C3CC3)cc2)[nH]1,0.5649164210257404
188,CC(C)N1C(=O)c2cc(C(O)=NC3CC3)nn2CC1(C)C(O)=NC1CCCCC1,0.5836418677073647
189,Cc1ccc2c(c1)CN(C(=O)c1cnn(-c3ccc(=O)[nH]n3)c1C)CC2,0.7641688461238259
190,N#Cc1cc(C(=O)N2CCC(NC(=O)C3CCC=CCCC3)CC2)c[nH]1,0.8180764905393877
191,O=C1CC(C2CCN(C(=O)COc3ccc(N4CCCC4=O)cc3)CC2)CN1,0.8344805506633374
192,COc1ccc(C)cc1NC(=O)C1CCCN1C(=O)C(=O)Nc1ccc(C2CC2)c(C)c1,0.7003565718823714
193,CCOC(=O)N1CCCC(C(C)NC(=O)C(=O)NC(C)c2ccc(-n3cncn3)cc2)C1,0.6590189357761238
194,COc1nc(C)cc(C)c1COC(=O)C1CCOC1,0.7767240045605953
195,Cc1cc(C(=O)NCC2CN(C(=O)c3ccc(-c4cn[nH]n4)cn3)CC2C)n(C)n1,0.6506931021296009
196,Cc1cnccc1OC1CCN(S(=O)(=O)c2ccsc2)C1,0.8656583771047147
197,CN(C)C(=O)Nc1ccc(C(=O)Nc2cccc(Cl)c2F)c(Cl)c1,0.8371168823573744
198,O=C(O)C1CCC(C(=O)N2CCCOc3ccccc32)O1,0.8918374042023952
199,CC(NC(=O)NCC1CCOC(C)(C)C1)C(=O)Nc1cccc(N2CCCC2)c1,0.6827669027953893
200,COCCC(C)S(=O)(=O)N1CCCCC1CNS(N)(=O)=O,0.6091798829401218
201,CN1CCC(N2CCN(C(C#N)c3ccc(F)cc3)CC2)C1=O,0.841765645426461
202,O=C(c1cc(Cl)c[nH]1)N1CCC2C1CCCN2C(=O)C12CCCC1C2,0.8796776814696129
203,Cn1c(C(N)CCO)cn2ccnc12,0.7253380047303284
204,CCn1cc(CN2CCN(Cc3ccccc3)C3CS(=O)(=O)CC32)cc1C#N,0.7690093780764501
205,CC1CCCc2nc(S(=O)(=O)NCCc3ccc4ccccc4c3)cn21,0.74906847707624
206,CNC(=O)C(NC(=O)CSCCC1CCOCC1)c1ccccc1,0.7050957492490502
207,CC(C)N1CCCC(OC(=O)c2cccc(C3CC3)c2)C1=O,0.8027592473732937
208,COC(=O)c1cn(C)nc1NC(=O)c1[nH]c(C)c(C(C)=O)c1C(C)C,0.6386580207240111
209,Cc1ccc2nc(C3CCCN3C(=O)NCc3ccc(C4(C)NC(=O)NC4=O)cc3)[nH]c2c1,0.46075324290793346
210,O=C1CC(C(=O)NC2(CNC(=O)c3ccsc3)CC2)CCN1,0.7441076166742611
211,COc1cccc(CNC(=O)NCc2ccnc(-c3ccccc3)c2)c1OC1CCCC1,0.5218209936929259
212,N#Cc1ccc(NC(=O)C(=O)N2CC3CC4CC3C2C4O)cc1C(F)(F)F,0.7272422871189732
213,COc1nc(C)ncc1C(=O)N1CC(O)C(NC(=O)c2ncc[nH]2)C1,0.6552274696108471
214,CN1CCC(Nc2ccc3nccn3c2)C1=O.Cl,0.8939413917380225
215,Cc1cncc(CNC(=O)NCc2ccccc2Oc2cccc(C)c2)c1,0.67984444321181
216,CCOC(=O)C(CC)(CC)NC(=O)c1ccc(C(C)=O)c(C)c1,0.6191031014185308
217,CN(C)C(=O)C1=NOC2CN(C(=O)c3ccnc(C#N)c3)CC12,0.7570041994993713
218,O=C(O)C1CCC[NH+]1Cc1csc(COc2ccc(-c3nn[n-]n3)cc2)n1,0.5899496839680071
219,Cc1cc(C)nc(NC(=O)CNC(=O)c2cc(F)cc(F)c2)c1,0.9085199936863423
220,O=C(c1cccc(C2OCCO2)c1)N1CCCN(Cc2ccccc2)c2ccccc21,0.6156804306893185
221,CC(NC(=O)C(=O)Nc1ccc(N2CCCC2)nc1)c1cccnc1,0.8308377786031543
222,COCCC(C)NC(=O)N1CC(NC(=O)OC(C)(C)C)CC1C,0.8094131356821788
223,CCn1cc(C(=O)NC2CC3CCC2N3C(=O)c2nccs2)nn1,0.8888723055486534
224,CNC(=O)c1ccc(CSc2nnnn2-c2ccccc2OC)cc1,0.6835531382525208
225,CN1CCC(O)=Nc2c1c[nH]c(=Nc1ccc(C#N)c(Cl)c1)c2F,0.8304354654475009
226,CC(C)N1CCN(C(=O)C(=O)Nc2cnc(-c3ccccc3)s2)CC1=O,0.83353694309022
227,O=C1CC(NC(=O)N2CCCCC2C2OCCO2)CO1,0.7349874534558385
228,N#Cc1ccc(OCc2cccc(C(=O)NN3CCS(=O)(=O)CC3)c2)cc1,0.8375782401442672
229,COc1ccc(C2CCN(C(=O)c3nc(C4CC4)n(-c4ccccc4)n3)C2)cc1OC,0.6091853034542531
230,COC(=O)C1CCC(C(=O)N2CCCCC2C2CCN(C(=O)c3ccc4c(c3)OCO4)CC2)C1,0.6283863261553316
231,COc1nc(-c2cc(F)ncc2C)nc2ccccc12,0.6704457853213596
232,Cc1cc(C)cc(CNC(=O)c2c(C)coc2C)c1,0.9147672330641532
233,Cc1cnccc1OC1CCCN(C(=O)C2CC2(F)F)C1,0.8600057066282534
234,CN(C)C(=O)N1CCCC(C(O)c2nc3cnc4[nH]ccc4c3n2C)C1,0.7334542068378944
235,Cc1ccc2c(c1)CN(c1nnc(CCO)n1CCc1ccccc1)CCO2,0.714605777509808
236,CC(NC(=O)Nc1ccc(C(=O)NCc2ccccc2)cc1)C1CCCCCC1,0.5978691593606118
237,O=C(O)C1COCCN1C(=O)CCc1cccc(Br)c1,0.9044423314743638
238,CCn1cc(NS(=O)(=O)CCCS(=O)(=O)N2CCCC2C)ccc1=O,0.7060017441779239
239,CCOC(=O)c1sc(N)c(C#N)c1COC(=O)c1cc(-c2ccc(F)cc2)c(C)s1,0.5419974001217126
240,O=C(c1cnn(C2CCCCC2)c1)N1CCCC1c1nc2ccccc2s1,0.6441142540942588
241,COCCC(C)NC(=O)C(=O)NCc1ccc(OC(C)C)cc1C(F)(F)F,0.6694111630463063
242,CN1CCC(CC(C)(COc2ccccc2Cl)N2CCCCC2)CC1,0.7274650631501889
243,CNC(=O)C1CN(C(=O)Nc2cccc(COc3ccc(CC#N)cc3)c2)CCO1,0.7634315944224467
244,CC(C)C1N=NC(C2(C)OCC(S(C)(=O)=O)N2C(=O)C2CCN(C(C)C)C(=O)C2Cl)S1,0.5423378121459693
245,Cn1c(C(=O)N2CCCCC2)cc2cc(C(F)(F)F)ccc21,0.785786194922392
246,Cc1cc(C(=O)NC(C)C2CCN(C(=O)C(C)C)C2)cnn1,0.9122990844141262
247,O=C1CC(C(=O)N2CCC(NC(=O)Nc3ccc(F)cc3)CC2)c2ccccc2N1,0.7264402456870047
248,CC1CCCc2nc(S(=O)(=O)NCC3CCCN4CCCCC34)cn21,0.8879927489784638
249,N#Cc1cc(F)cnc1N1CC(F)CC(CO)C1,0.8613217540527611
250,COc1ccc(-c2nccc(NC(=O)C3CCCC3C)n2)cc1S(=O)(=O)N1CCOCC1,0.7051862068504797
251,Cc1cnccc1COC(=O)CC(NC(N)=O)c1cccc(Oc2ccccc2)c1,0.5509377085950989
252,COc1nc(NCc2cn(C)nc2-c2cccnc2)nc(N2CCCCCC2)n1,0.6819501008118809
253,CN(C)C(=O)C1CCN(c2ncnc3cc4c(cc23)OCCO4)C1c1ccccc1,0.6684517950164407
254,O=C(O)C(Cc1c[nH]c2ccccc12)NC(O)=Nc1ccc(F)c(Cl)c1,0.4025704040786049
255,COC(=O)c1ccccc1NC(=O)CSC(C)C(C)=O,0.8138648664437598
256,CCn1cc(N(Cc2ccn(-c3cccc(F)c3)n2)CC(C)C)cn1,0.6543213466934189
257,CC(NC(=O)CC(N)=O)c1ccc(CNC(=O)c2cncs2)cc1,0.6518933324585282
258,Cn1c(C(=O)Nc2cc(=O)c(Cl)c[nH]2)c(Cl)c2ccccc21,0.7529198878962793
259,Cc1ccc2c(c1)[nH]c1c(C(=O)N3CCN(C)CC3)cccc12,0.7504305250307353
260,Cl.Cl.O=C(c1cn(-c2ccccc2Cl)nn1)N1CCC(NCC2CC2)CC1,0.7866476883761724
261,COCCC(C)NC(=O)NCc1ccc(F)c(COC)c1,0.7732601301188226
262,CNC(=O)CNC(=O)c1cc(C2CC2)nc2onc(C(C)C)c12,0.8747806320361942
263,CN1CCC(CN(C)C(O)c2ccc(N)cc2F)CC1.Cl.Cl.Cl,0.6129137684291609
264,CCOC(=O)C1CCC(OCCC2CCC(OC)CC2)CC1,0.6721085047912192
265,Cc1cc(CN=C(O)N2CCCC(C(O)=Nc3ccc(Cl)cn3)C2)no1,0.6237782396586388
266,CC1CCCc2nnc(COc3ccc(Br)cc3Cl)n21,0.8283936329534624
267,COC(=O)c1ccc(N2CCC(OC(C)C)C2)nc1C(=O)OC,0.7628321049652085
268,CC(C)N1CCCC(N(C)CCc2ccc(Br)cc2)C1=O,0.8108344317116009
269,O=C1CC(c2noc(-c3ccnn3C3CCCC3)n2)CN1CCc1ccccc1F,0.6197589062737655
270,COc1ccc(Cn2c(C3CCCCO3)nnc2N2CCC(CC(=O)N(C)C)CC2)c(OC)c1OC,0.5170779567141915
271,COc1nc(S(=O)(=O)NCc2ccc3onc(C)c3c2)ccc1F,0.756882420081901
272,CN(C)C(=O)COc1ccccc1C(O)=NCCc1ccccc1Cl,0.6080290300969515
273,Cc1cnccc1C(=O)N1CC(C)C(CNC(=O)c2ccsn2)C1,0.92021435815697
274,O=C(O)C1CC(=O)N(c2ccc(Cl)cc2Cl)C1c1ccccc1Cl,0.8246701902495851
275,CCn1cc(C(=O)N2CCC(c3n[nH]c(=S)n3C3CC3)CC2)c2ccccc2c1=O,0.6504194993549541
276,CC(NC(=O)c1nn(-c2cccc(Br)c2)c2c1CCCC2)C1CC2CCC1C2,0.7190677337094398
277,O=C(c1cc(C(F)(F)F)[nH]n1)N1CCCC(C(O)c2ccc(Br)cc2)C1,0.7761730992141904
278,CNC(=O)c1cccc(NC(=O)N2CCN(c3ncnc4sccc34)CC2)c1C,0.692909844379309
279,COCCC(CO)NC(=O)Nc1cc(C)c(Br)c(F)c1,0.7387733507239521
280,Cn1c(C(=O)N2CCOCC3(C2)CN(C(=O)C2CC2F)CCO3)cccc1=O,0.6960808625131031
281,CN=c1scc(-c2cnccn2)n1Cc1nc2ccc(C)cc2s1,0.5662978679982931
282,Cc1cnccc1CNC(=O)N1CCCC(CNC(=O)C2CCCN2C(=O)OC(C)(C)C)C1,0.7047072151248557
283,CN1CCC(CCNC(O)=NCCc2ccc(F)cc2)CC1,0.6272046516409108
284,CC1CCCc2nnc(-c3ncccn3)n21,0.7251404239040625
285,CCOC(=O)N(C)C1CCN(C(=O)NC2CCC3CCCC3C2)CC1,0.8490965962283191
286,Cc1cc(C(=O)OC2CC(=O)N(C(=O)OC(C)(C)C)C2)n(C2CCOCC2)n1,0.7260964244221566
287,CC(C)N1CC(C(=O)NC2CCN(C(=O)Cn3cncn3)C2)CC1=O,0.7547382452201932
288,COC(=O)CNC(=O)c1ccc(Nc2cnc(C)c(C(=O)OC)c2)cc1,0.7595490163150058
289,COc1nc(NCCc2ccn(C)n2)nc(NCc2cn(C)nc2C)n1,0.6127692768184086
290,O=C1CC(C(=O)N(CCc2ccccc2)Cc2cccnc2)CN1Cc1ccccn1,0.5681521331415571
291,COc1ccccc1C=NOCc1ncc(Br)cc1Br,0.5594390790665954
292,CN(C)C(=O)c1cccc(CCNC(=O)c2ccc(S(N)(=O)=O)c(Br)c2)c1,0.6934899479719522
293,O=C(O)C1C2CCC(CC2)C1C(O)=NC1CCCc2ccccc21,0.6467832962356952
294,N#Cc1cc(Cl)c(N2CCOCC3(C2)CN(c2ccsc2)C(=O)CO3)nc1C(F)(F)F,0.6669066325452118
295,O=C(c1cc(-c2ccncc2)nc2ccccc12)N1Cc2cccc(Cl)c2C1,0.48156676230742396
296,CC(NC(=O)Nc1cc(Cl)cc(F)c1F)C1CCCN(C(=O)OC(C)(C)C)C1,0.695371666642224
297,CCOC(=O)c1c(OC(C)c2ccc(F)c(F)c2)[nH]c(C(F)(F)F)cc1=O,0.6183317520626822
298,CCn1cc(CN(C)C(=O)C(=O)Nc2ccc(F)c(C3CC3)c2)cn1,0.8477132301083259
299,CNC(=O)c1ccc(OC(=O)C2CC2c2c(F)cccc2Cl)cc1,0.6794626646201775
300,COCCC(C)NC(=O)NCC(C)Oc1ccccc1F,0.7740849501116074
301,Cc1cncc(-c2noc(C(C)(C)n3cc([N+](=O)[O-])cn3)n2)c1,0.5360489528007985
302,Cn1c(C(=O)NC2C3COCC2CN(C(=O)c2ccc(C(F)(F)F)n2C)C3)ccc1C(F)(F)F,0.6706243627596012
303,CN1CCC(CN=C(O)C2CCN(Cc3ccc(Cl)cc3)CC2)CC1,0.6375614690005543
304,CC1CCCc2ccccc2C1N=C(O)N1CCC(NC(O)=NC2CC2)CC1,0.42122518609544496
305,Cc1ccc2cc(C(=O)Nc3ccc(Br)c4c3C(=O)NC4)cc(C)c2n1,0.668210098569475
306,CC(Cc1ccc(F)c(Br)c1)NC(=O)NC1CCN(C(C)C)C1=O,0.7988014207891584
307,COc1nc(C)ccc1C(=O)Nc1ccc2c(c1)nnn2C,0.7985193079486278
308,COC(=O)Cc1cc(=O)n(-c2ccc(C(=O)N=c3sccn3C)cc2)[nH]1,0.6914954676830564
309,CN(C)C(CN=C(O)N=c1cc[nH]cc1)c1cnn(-c2ccccc2)c1,0.5471990677090901
310,COc1ccc(C2(C(=O)N(C)Cc3ncc(C)c(OC)c3C)CCOCC2)cc1,0.7461664407318129
311,O=C(c1ccccc1)N1CCOC2(CCN(C(=O)C3CC(=O)N(C4CCCC4)C3)C2)C1,0.7420330641177744
312,CCn1cc(-c2noc(CCn3c(O)c4c(c3O)C3CCC4O3)n2)c(=O)[nH]c1=O,0.5725585169071387
313,O=C(O)C1CC=CC2C1=NCN2C1C=CC(CO)O1,0.7012962656317112
314,CC(NC(=O)CNC(=O)c1ccc(F)c(F)c1)c1cccc([N+](=O)[O-])c1,0.6080122990952638
315,N#Cc1ccc(CN2CCC(NC(=O)C(=O)Nc3cnn(CC4CCCO4)c3)C2=O)cc1,0.6443207834791663
316,COCCC(CO)NC(=O)C(=O)Nc1cc(Cl)c(OC)c(OC)c1,0.592281216837906
317,CNC(=O)CC(C)NC(=O)NCC1(c2ccc(Cl)cc2Cl)CCOCC1,0.6848184784146643
318,O=C(c1c[nH]c2ccc(C(F)(F)F)cc2c1=O)N1CCC(c2noc(C(F)(F)F)n2)CC1,0.5847641563201236
319,CCOC(=O)C=C1SCC(=O)N1CC(=O)Nc1ccccc1SCC(C)C#N,0.39282438980275897
320,Cc1cnccc1C(=O)N(C)C(CNC(=O)c1conc1C)C1CC1,0.8668818368572738
321,CN1CCC(C2CN(Cc3cnn(C)c3C(F)(F)F)CCN2C)C1=O,0.8088762346096244
322,Cn1c(C(=O)OCC2(C)CC2(Cl)Cl)cc2c(=O)n3ccccc3nc21,0.5178160761982263
323,CC(C)N1C(=O)OCc2nc3occc3c(CN)c21,0.8952796870901556
324,CC1CCCc2nc3cc(S(=O)(=O)N4CCCC4)ccc3n21,0.8550103543154713
325,COc1nc(C)cc(C)c1CNc1nc2c(cc1C#N)CCCC2(C)C,0.8946329333903679
326,Cc1ccc2sc(N3CCC4(C)C(C3)C4(Br)Br)nc2c1C,0.5754248585423045
327,COc1ccccc1-n1c(NC(=O)c2cncc(N3CCCC3)n2)nc2ccccc21,0.5362897548334159
328,COC(=O)C(OCCCC1OCCO1)c1ccccc1F,0.570438841463574
329,CC(CNC(=O)C(=O)N1CCN(C(C)C)C(=O)C1)c1nccs1,0.8078749877270213
330,Cc1cc(C)cc(C(=O)N2CCCCC2c2cc(NC(=O)CCc3cccc(C#N)c3)n[nH]2)c1,0.5553039371688411
331,O=C1CC(NC(=O)N2CC3C(C2)C3(F)F)CN1Cc1ccccc1C(F)(F)F,0.7895802259783592
332,CN(C)C(=O)c1cccc(C(=O)N2CCCCC2c2cc(NC(=O)CCc3ccccc3F)n[nH]2)c1,0.51784675759255
333,O=C(O)C1CCC(C(=O)C2CC2)C1,0.7185800294815625
334,CCn1cc(C(=O)NC2CCCCC2NC(=O)C2CC23CC3)c(C2CC2)n1,0.8083557607714577
335,CC(NC(=O)COC1CCCCC1C)c1ccc(NC(=O)c2ccc(F)cc2)cc1,0.6830917703816306
336,CNC(=O)c1cc(Nc2ccc3c(c2)N=C(O)C3(C)C)ccn1,0.8128911686680136
337,N#Cc1ccc(OCc2nnc(N3CCCC3c3ccsc3)n2CC(F)(F)F)cc1,0.564076435354328
338,Cc1cnccc1OC1CCN(C(=O)C2CC2c2ccccc2F)C1,0.8574587660554709
339,COCCC(C)S(=O)(=O)NC(C)CC(=O)c1ccc(F)cc1,0.7037109883845777
340,O=C(c1cc(Cl)c[nH]1)N1CC2CCC(C1)N2C(=O)c1ccccn1,0.9075517911735854
341,CN1CCC(Nc2ccc3nc(O)nn3c2)C1=O,0.7848005366318773
342,COc1nc(C(F)(F)F)c(C(=O)N2CCCC(CNC(=O)OC(C)(C)C)C2C)s1,0.7719332966263136
343,CC1CCCc2nc(S(=O)(=O)Nc3cccc(-c4nc(=O)o[nH]4)c3)cn21,0.7181156529945918
344,CCOC(=O)C(CC1CCCO1)NC(=O)Cc1ccc(Cl)cc1Br,0.6903828579870509
345,CC(C)N1CCCC(OC(=O)c2cccc(CC#N)c2)C1=O,0.8000258683408368
346,Cn1c(C(=O)N2CCC3CCN(C(=O)C(=O)C(C)(C)C)C3C2)cccc1=O,0.7264341073543411
347,COc1ccc(C)cc1NC(=O)C(=O)NCC1CCOC1c1c(C)nn(C)c1C,0.7505535861945798
348,O=C1CC(C2CCN(C(=O)C3C4CCCCC43)CC2)CN1,0.842807161347609
349,O=C(O)C1COCCN1C(=O)c1cc[nH]c1,0.7368624540408004
350,CCn1cc(C(=O)NC2CCN(C(=O)C3CCCC3)CC2C)nn1,0.9043457600930642
351,O=C(c1ccccc1)N1CC2C(C1)C2NC(=O)C12CCCC1OCC2,0.9132576131704787
352,Cc1cncc(NC(=O)c2c(O)cnc3ccccc23)c1,0.755987730234475
353,CNC(=O)CNC(=O)c1cccc(NC(=S)Nc2cccc(C(C)C)c2)c1,0.5755704263804842
354,Cc1cc(C)nc(NC(=O)C2(c3ccc(Cl)cc3)CC2)c1,0.9298904308165351
355,Cc1ccc2[nH]c(C(=O)NCC(C)N(C)C(=O)CC(C)(C)O)cc2c1C,0.7407577510520966
356,CN(C)C(=O)Nc1ccc(CNC(=O)CCn2ccc3cc(Cl)ccc32)cc1,0.6561862707133352
357,COC(=O)CN(Cc1ccc(Cl)cc1)C(=O)CC(C)NC(=O)c1ccccc1,0.6883949412444627
358,CC(NC(=O)C(=O)NCc1ccnc(OC2CCCCC2)c1)C1COc2ccccc21,0.6972257771764334
359,COCCC(C)NC(=O)NC(C)C(OC)c1ccc(F)cc1,0.7755790614876583
360,CN1CCC(N2CCN(C(C(=O)O)c3cccs3)CC2CO)CC1,0.821487053933502
361,COc1nc(C)ncc1C(=O)NC1CC2CCC1N2C(=O)C1CC=CCC1,0.8198517348183991
362,N#Cc1cc(F)cnc1N1CC2CCN(C(=O)c3ccco3)C2C1,0.8441737284008992
363,CC1CCCc2nc(S(=O)(=O)N3CC4(CCOCC4)c4ccccc43)cn21,0.7945184438378976
364,Cc1cc(C)cc(CNC(=O)c2cc(-c3ccc(Br)cc3)[nH]n2)c1,0.7012717668158499
365,CCOC(=O)N(C)C1CCN(C(=O)C2CCN(c3noc4ccc(Cl)cc34)CC2)CC1,0.7078168552485359
366,O=C(c1cn(-c2cccc(Cl)c2F)nn1)N1CCCC(c2ccncc2)C1,0.692087757800468
367,CC(C)N1CCCC(N(C)CCOCc2cccs2)CC1,0.7173960407462597
368,CCn1cc(CN(C)C(=O)c2ncccc2Cl)cn1,0.86163571729414
369,COc1ccc(C2CCN(C(=O)c3ccc4c(c3)N(C)C(=O)CO4)C2)cc1F,0.8166416601448088
370,O=C1CC(C(=O)NC2C3CN(C(=O)c4cscn4)CC32)CCN1,0.8045474129665786
371,O=C(O)C1CC2CCCCC2N1C(O)=Nc1cc(Cl)cc(Cl)c1,0.6128658666705913
372,Cc1cnccc1OC1CCCN(C(=O)C(=O)Nc2cccc(C(F)F)c2Cl)C1,0.7546617371115811
373,Cn1c(C(=O)NCC23CCCOC2CCN(C(=O)c2cnc(C(C)(C)C)cn2)C3)cc2ccccc21,0.603607090427456
374,CN(C)C(=O)C1=NOC2CN(C(=O)c3cccn4cnnc34)CC12,0.7508259586058111
375,CC(NC(=O)NCC1CCCCN1C(=O)OC(C)(C)C)c1ccc2c(c1)CCC(=O)N2,0.6777493714375614
376,CNC(=O)C(NC(=O)N1CC=C(c2cccc(Br)c2)CC1)C(C)C,0.824973008158055
377,COCCC(C)NC(=O)NCCOc1ccc2c(c1)CCC2,0.7244536941746337
378,COc1nc(-c2cc(F)c3cn[nH]c3c2)cc2c1ncn2C(C)C,0.6233760357957522
379,CN1CCC(O)=Nc2c1ccc(C(=O)O)c2F,0.783842785442664
380,COC(=O)c1ccccc1OC(=O)CC1(C#N)CCCCC1,0.6299845730133233
381,Cc1ccc2[nH]c(C(=O)NS(=O)(=O)CC3CCCO3)cc2c1C,0.8939443165099229
382,Cc1ccc2[nH]c(C(=O)NC3(Cc4ccc(C(F)(F)F)cc4)CCOC3)cc2c1C,0.6333860658516587
383,N#Cc1ccc(OCc2cccc(C(=O)Oc3ccc4c(c3)CC(=O)N4)c2)cc1,0.533147351934558
384,CC1CCCc2nc(S(=O)(=O)NCc3cccc(-n4ccnc4)c3)cn21,0.7468126502269081
385,Cc1ccc2c(c1)CN(c1nnnn1CC1CCC(C(N)=O)O1)CCO2,0.8431882999836299
386,Cc1cc(C(=O)NC(CNC(=O)C(C)(C)C)C2CC2)nn1C(C)(C)C,0.858670686319848
387,CCn1cc(CN2CCN(C(=O)C3CC3c3ccc(Cl)cc3)CC2)c(C)n1,0.7911430058404527
388,COc1cccc(CNC(=O)CNC(=O)Nc2c(Cl)cc(Cl)cc2Cl)c1OC,0.5972423724531166
389,CCOC(=O)N1CCCC(C(C)NC(=O)NC(C)c2cccc(N3CCCC3)c2)C1,0.7375205495757032
390,CC(C)N1C(=O)c2ccc(C(=O)NC(C#N)c3ccc(C(C)(C)C)cc3)cc2S1(=O)=O,0.7841024900015161
391,O=C(c1cccc(C2OCCO2)c1)N1CC2CCCC1C2,0.839280913919665
392,O=C1CC(NC(=O)N2CCCCC2CCCc2ccccc2)CO1,0.844668856533962
393,Cc1cncc(CNC(=O)C(C)Oc2ccc(F)cc2Br)c1,0.8817520542066228
394,O=C(O)C1CC(=O)N(c2cccc(OCCN3CCOCC3)c2)C1,0.8302635721033408
395,CNC(=O)c1ccc(CSc2ccc3nnc(C(F)(F)F)n3n2)cc1,0.7182112187921335
396,CN(C)C(=O)N1CCC(C(=O)N(C)CCCOc2cccc(Cl)c2)CC1,0.7116939423793212
397,CC(NC(=O)c1nn(-c2ccccc2)cc1O)c1cc(F)ccc1N1CCC(O)CC1,0.5853806941933007
398,CN1CCC(C2CN(Cc3c(Cl)cccc3Cl)CCO2)=N1.O=C(O)C(=O)O.O=C(O)C(F)(F)F,0.5016303590259991
399,COCCC(C)S(=O)(=O)NCCc1cccc(C(=O)N(C)C)c1,0.733316421569493
400,COc1nc(NCc2cn(C(C)C)cn2)ncc1C#N,0.8915268804545478
401,Cc1ccc2c(c1)[nH]c1c(Nc3cccc(Cl)c3)ncnc12,0.5581383695268235
402,CC1CCCc2nnc(COc3ccccc3)n21,0.8318104304569514
403,Cn1c(C(=O)N2CCCC3(CCN(CC#N)C3)C2)cc2ccccc21,0.7923560009397497
404,Cc1cc(C(=O)NCC2CN(c3ccc(C#N)cn3)CC2O)n[nH]1,0.739150138784167
405,COC(=O)c1cn(C)nc1NC(=O)NCC(c1ccccc1)c1ccccc1,0.6454272452214499
406,N#Cc1cc(C(=O)N2CCOc3c(Br)cccc3C2)cnc1C(F)(F)F,0.6967671824032797
407,CCn1cc(NS(=O)(=O)c2cc3ccc(Cl)cc3s2)c(C)n1,0.771954069257579
408,O=C(c1cnn(C2CCCCC2)c1)N1CCOC(Cc2ccccc2)C1,0.845476216203634
409,CC(C)N1CCC(NC(=O)C(=O)Nc2cccc3c2oc(=O)n3C)C1=O,0.7590455648373383
410,Cc1cnccc1COC(=O)CCNS(=O)(=O)c1c(Cl)cccc1Cl,0.7184896064447615
411,O=C1CC(C(=O)N2CCC(CNC(=O)c3cc(-c4ccccc4)on3)C2c2cccnc2)CCN1,0.5683285729627302
412,COc1ccc(C2(C(=O)Nc3cccc(CSc4ccccn4)c3)CCOCC2)cc1,0.5262921980796043
413,CCOC(=O)C(CC)(CC)NC(=O)CC(CC(C)C)NC(=O)OC(C)(C)C,0.5600448380643898
414,O=C([O-])c1cccc(C[NH+]2CCCC2C(=O)O)c1Cl,0.7682475203844277
415,CNC(=O)C1CN(C(=O)C(C)(C)n2c(=O)oc3ccccc32)CCO1,0.8620152680071306
416,CN(C)C(=O)C1CCN(C(=O)c2cc(Br)ccc2Cl)C1c1ccccc1,0.7170666899228894
417,COc1nc(S(=O)(=O)N2CCC(NCC3CC3)CC2)ccc1F.Cl.Cl,0.770340480921519
418,CC1CCCc2nnc(-c3ccc(F)c(F)c3F)n21,0.7424005124471199
419,COCCC(C)NC(=O)N(C)CC(C)=Cc1ccccc1,0.8378375939945862
420,CC(NC(=O)CC(N)=O)C1CN(C(=O)C(C)(C)C)CCO1,0.6920432395456733
421,Cn1c(C(C)(C)C)nc2cc(NC(=O)c3cc(=O)c4ccccc4n3C)ccc21,0.5647916782992868
422,Cc1cc(C(=O)OC2CCN(C(=O)OC(C)(C)C)CC2F)nn1C(C)C,0.7646749182451951
423,CN1CCC(CC(C)(CO)NCCO)CC1,0.6034480487460041
424,Cc1ccc2nc(C3CCCN3C(=O)Cc3csc(-c4ccccc4)n3)[nH]c2c1,0.5280024275488814
425,CCn1cc(N(Cc2ccnc(OC(C)C)c2)CC(C)C)cn1,0.7437497350194069
426,O=C(c1cc(C(F)(F)F)c[nH]1)N1CCOCC2(C1)CN(C(=O)c1cc3cnccc3[nH]1)CCO2,0.5897409878110071
427,N#Cc1ccc(NC(=O)Cn2cc3ccccc3n2)cc1C(F)(F)F,0.7895766904468279
428,CC(C)N1C(=O)OCc2cc(NS(=O)(=O)c3cccc(C(N)=O)c3)ccc21,0.8140547060126416
429,Cc1cnccc1CNC(=O)c1cc2ccccc2n1CC(F)(F)F,0.7795012292485164
430,COC(=O)c1ccc(N2CCN(C(=O)Nc3cccc(CS(C)(=O)=O)c3)CC2)nn1,0.6974081150393883
431,O=C(O)C1CC=CC2CCNC2C1=O,0.46290513897810875
432,CNC(=O)c1cccc(NC(=O)NCC(C)Oc2cccc(Br)c2)c1C,0.6669069215215071
433,O=C1CC(C(=O)N2CCC(CNC(=O)c3ccc(NC(=O)C4CC4)cc3)C2c2cccnc2)CCN1,0.5511511420806263
434,COc1nc(C)ccc1C(=O)NC(c1ccc(F)c(Cl)c1)C(F)(F)F,0.8125973866274642
435,CCOC(=O)c1sc(N)c(C#N)c1COC(=O)CCCOc1cccc(C)c1C,0.48723536192071215
436,CN(C)C(=O)c1cccc(-c2ccc3nncn3n2)c1F,0.7176646320351957
437,CC1CCCc2nc(-c3cnn(C(C)(C)C)c3)nn21,0.7908903198633962
438,COCCC(C)NC(=O)C(=O)Nc1cc(Cl)ccc1F,0.8171198365480641
439,CC(NC(=O)Nc1cc(Cl)ccc1N1CCSCC1)c1nnc2n1CCCCC2,0.757391797052214
440,Cc1cc(CN=C(O)N2CCCC(n3cncn3)C2)ccc1F,0.6974627140504442
441,CCn1cc(C(=O)N2CCCCC2C(C)=O)c(C)n1,0.8351759562024923
442,CN1CCC(CCNC(O)=NCC(C)(O)c2ccccc2Cl)CC1,0.5431103691712996
443,CC(C)N1CC(C(=O)N2CCC(NC(=O)c3ncccn3)C2)CC1=O,0.8327448330632673
444,Cc1cncc(-c2noc(-c3cc(NC(=O)NC(C)(C)C)ccc3Cl)n2)c1,0.6822781498495535
445,O=C(CN1CCN(C(=O)c2cc(-c3ccncc3)on2)CC1)N1CCCCC1,0.795887096860589
446,N#Cc1cc(Cl)c(N2CC=CCC2)[nH]c1=NCc1ccnc(N2CCCCC2)n1,0.78369526849742
447,Cn1c(C(N)CCO)cn2nccc12,0.7253380047303285
448,Cc1ccc2[nH]c(C(=O)Nc3[nH]ncc3C(=O)OC(C)(C)C)c(Cl)c2c1,0.6016154811703709
449,COC(=O)CNC(=O)c1ccc(-c2nccc(-c3cnc(N4CCCCC4)nc3)n2)cc1,0.5917949250559584
450,COc1nc(NCc2cn(Cc3ccccn3)cn2)nc(N2CCCCCC2)n1,0.6532771397247449
451,CNC(=O)c1ccc(OC)c(NS(=O)(=O)c2cn(CC(C)C)cn2)c1,0.7765160202308865
452,CN(C)C(=O)COc1cccc(Cn2c(-c3cnccn3)nnc2N2CCC(C(N)=O)CC2)c1,0.5211224110740641
453,CC1CCCc2nc3cc(S(C)(=O)=O)ccc3n21,0.7940558019409822
454,O=C(O)C1C2CCC(CC2)C1C(=O)N1CCCc2c1cccc2C(F)(F)F,0.838395975918646
455,COCCC(CO)NC(=O)C(C)(OC)C(=O)OC(C)(C)C,0.49290814693453006
456,O=C1CC(c2noc(-c3[nH]c4ccccc4c3Cl)n2)CN1Cc1ccccc1F,0.5361370784807957
457,CC(NC(=O)Nc1ccc2c(c1)oc1ccccc12)C1CCOC1,0.761111391911952
458,Br.Cc1cc(C)c2sccc2c1.Nc1nnn(C2(C(=O)O)CC2)n1,0.6704235154396372
459,CCOC(=O)C1CCC(Oc2c(O)c(OC)cc3ccc(=O)oc23)CO1,0.6344473105203606
460,CCn1cc(-c2noc(CCc3cccc(C)c3)n2)c(=O)[nH]c1=O,0.7699662631631766
461,CC(C)N1CCC(C(=O)N=c2cc3n4c(c2)CC(C)N4CCC3)C1=O,0.7536836314436935
462,O=C(c1c[nH]c2ccc(C(F)(F)F)cc2c1=O)N1CC2CCC1C2Oc1ccccn1,0.6902027384850054
463,COc1ccc(Cn2c(C3CCCCO3)nnc2N(C)CC(C)C)c(OC)c1OC,0.6149999651774386
464,Cc1cnccc1C(=O)N1CCC(N(C)C(=O)CCc2ccon2)C1,0.8259064493108988
465,N#Cc1ccc(CN2CCC(NC(=O)NCCC3CC3)C2=O)cc1,0.8350876386124622
466,CN1CCC(CN=C(O)Cc2ccc(F)cc2)CC1,0.6701326233222995
467,Cn1c(C(=O)N2CCC(NC(=O)C3(C)CC3c3ccccc3)C2)c[nH]c1=O,0.8511465796628264
468,Cn1c(C(=O)N2CCOC3(COCCN(C(=O)c4ccc(C(C)(C)C)s4)C3)C2)cc2ccccc21,0.5406883361404692
469,Cc1ccc2cc(C(=O)N3CCCCC3N3CCN(C)CC3)[nH]c2c1,0.9139206526787346
470,COc1nc(C)cc(C)c1CN(C)C(=O)C1CCCN(C(=O)Nc2ccccc2F)C1,0.7871880083274722
471,CNC(=O)CC(C)NC(=O)N(Cc1ccc2c(c1)CCO2)C1CCC(C)CC1,0.7872100777733448
472,CC1CCCc2ccccc2C1N=C(O)Nc1cc(F)cc(S(=O)(=O)N(C)C)c1,0.44379569450481743
473,O=C(O)C(Cc1c[nH]c2ccccc12)NCc1ccccc1Cl,0.6473900824724427
474,COC(=O)C1CCC(C(=O)N2CCC(C3CCCCN3C(=O)Cn3ccc(C)n3)CC2)C1,0.6513640646176706
475,CN(C)C(CN=C(O)N1CC=C(c2ccccc2)CC1)c1cccc(F)c1,0.6378827916511864
476,CC(NC(=O)CNC(=O)OCC(F)(F)F)c1ccc(N2CCCNC2=O)cc1,0.6783530951430402
477,Cc1ccc2nc(Cn3c(=O)c(Br)cn(C)c3=O)cc(=O)n2c1,0.6580288021431338
478,CCn1cc(C(=O)NC2CC3CCC2N3c2ccc(C#N)cn2)c(C(C)C)n1,0.8644291845759674
479,Cc1cc(C)nc(NC(=O)NCCOC2CCCC2)c1,0.8134355759375678
480,COCCC(CO)NC(=O)NCC(c1ccccc1Cl)c1c[nH]c2ccccc12,0.42997157443254935
481,O=C1CC(C(=O)N(CCc2ccccc2)Cc2ccncc2)CN1Cc1ccccn1,0.5681521331415571
482,CC(C)N1CCN(C(=O)c2cnn(-c3ccncc3)c2)CC1=O,0.8460110429214408
483,Cc1cnccc1OC1CCN(C(=O)C23CC2CCN3C(=O)OC(C)(C)C)C1,0.7974837002580069
484,O=C(c1cc(Cl)c[nH]1)N1CCCC(c2cnccn2)C1,0.9240795169200544
485,CCOC(=O)c1c(OC(CC)c2ccccc2)c2ccccc2n(C)c1=O,0.613064986879796
486,COc1ccccc1C=Nc1ccc(Br)cn1,0.8096625908461388
487,N#Cc1ccc(OCc2nnc(N3CCC(CC(N)=O)CC3)n2CC2CCC(F)(F)CC2)cc1,0.6280669195984002
488,CN1CCC(CN(C)C(O)=Nc2ccc(Br)cc2F)CC1,0.6649710998533054
489,COc1nc(C(F)(F)F)c(-c2nc(-c3cccc(OC4CC4)c3)no2)s1,0.6492322721511371
490,Cn1c(C(=O)N2CC3CC(CC(N)=O)OC3C2)c[nH]c1=O,0.7305485802805948
491,CNC(=O)c1cc(Nc2cnn(-c3ccc(C)cc3)c2C(C)C)ccc1F,0.6965667332953033
492,O=C(c1ccccc1)N1CCCN(C(=O)C2CC23CCOCC3)CC1,0.8276665802682539
493,O=C(O)C1CCC(C(=O)N2CCCC(C(=O)Nc3ccc(Cl)cc3)C2)C1,0.8426506312571288
494,CCn1cc(C(=O)NC2CN(C(=O)Cc3cccc(F)c3)CC2O)c(C)n1,0.8139290259733158
495,Cc1cc(C(=O)NC(C)CNC(=O)C2CC23CC3)c(C)[nH]1,0.771080508719574
496,CC1CCCc2nc(S(=O)(=O)Nc3ccc(OCCN4CCN(C)CC4)cc3)cn21.Cl.Cl,0.6221928610728751
497,CC(NC(=O)COC1CCCc2cn[nH]c21)c1cc2ccccc2o1,0.7461871530747446
498,CN(C)C(=O)c1ccc(S(=O)(=O)NC2CCC3CCCC3C2)cc1,0.9076538633403869
499,Cc1ccc2sc(N3CCC(C)(O)C3)nc2c1C,0.858224086462272
500,CC(C)N1CCCC(OC(=O)C2Cc3ccccc3C2)C1=O,0.8051484718782012
501,Cc1cncc(NC(=O)c2nc3n(n2)CCCN3)c1,0.8406495405116684
502,COC(=O)Cc1cc(=O)n(-c2ccc(C(=O)NC3c4ccccc4OC3C)cc2)[nH]1,0.6311007057313887
503,COc1ccc(C)cc1NC(O)=NCC1CCN(Cc2ccco2)C1,0.6209367528690194
504,O=C1CC(NC(=O)N2CCC(F)(c3cccc(Cl)c3)C2)CN1Cc1ccccc1C(F)(F)F,0.6386373838144953
505,COCCC(C)S(=O)(=O)NCc1ccccc1Sc1ccccc1,0.7363809118041714
506,CCOC(=O)C(CC1CCCO1)NC(=O)COc1ccc(-c2ccccc2)cc1,0.6571159132414465
507,N#Cc1cccc(-c2noc(COc3ccc(Cl)c(Cl)c3)n2)c1F,0.6748324062682345
508,COc1nc(NCc2cn(CC(C)C)cn2)nc(N2CCn3ccnc3C2)n1,0.656266388535635
509,CNC(=O)C(NC(=O)CC(O)(c1ccc(C)o1)C(F)(F)F)C(C)C,0.7269478143166122
510,CN1CCC(Nc2ccc3nnnn3n2)C1=O.Cl.Cl,0.840378654439254
511,O=C(c1cnn(C2CCCCC2)c1)N1CC2CC3CC2C1C3O,0.9102842826764219
512,Cn1c(C(=O)OCC2(C)CNC(=O)C2)ccc1-c1ccc(Br)cc1,0.8151823284767878
513,O=C(O)C1COCCN1C(=O)CC1CS(=O)(=O)CCN1,0.6243549038352404
514,CCn1cc(CN(C)C(=O)C(=O)N(CCOC)C2CCOCC2)cn1,0.6686715122186164
515,Cc1cc(C)cc(CNC(=O)CCCCNC(=O)OCc2ccccc2)c1,0.657148922288065
516,CN(C)C(=O)Nc1cccc(C(=O)OCC(=O)c2ccc3c(c2)C(C)(C)C(=O)N3)c1,0.583371828101839
517,Cc1cncc(CNC(=O)NCc2ccc(C#N)cn2)c1,0.8912295295972197
518,Cc1ccc2cc(C(=O)N3CCC(CNC(=O)C4(C)CCCC4)C3c3cccnc3)ccc2n1,0.596228153271088
519,CC(C)N1C(=O)OCc2c(C#N)nn(-c3ccccc3)c21,0.8484500978964149
520,CC(NC(=O)C(=O)N1CCC(CCCO)CC1)c1cccc(OCc2ccccn2)c1,0.6348164047273963
521,CC1CCCc2nc(S(=O)(=O)NCCCN3CCOCC3)cn21,0.7733684525438206
522,COc1ccccc1-n1c(C)nnc1SCC(=O)OCC1CCOC1C,0.5422404453635212
523,COC(=O)CN(Cc1ccc(Cl)cc1)C(=O)CC1CCc2ccccc2C1,0.7049162812975799
524,O=C(c1cccc(C2OCCO2)c1)N1CCCC(C2CCCCO2)C1,0.8442837845239594
525,COCCC(C)NC(=O)N1CCOc2ccc(OC)cc2C1,0.9039183257501815
526,COCCC(C)NC(=O)Nc1ccc(Cl)cc1-c1ccc(Cl)cc1,0.7367055588732538
527,O=C1CC(C2CCN(C(=O)c3ccc(-n4cncn4)nc3)CC2)CN1,0.8854744000494394
528,CN1CCC(N2CCN(C(C#N)c3nc4ccc(-c5nnn(C6CC6)n5)cc4[nH]3)CC2)CC1,0.6327706111238806
529,COc1nc(C)ncc1C(=O)NCC1CCCCN1C(=O)C1CC1C,0.8745401108653805
530,CNC(=O)C1CN(C(=O)NCCCc2cccc(Cl)c2)CC1c1cnn(C)c1,0.7253475221703167
531,N#Cc1cc(F)cnc1N1CCC2(COCc3cnc(-c4ccccc4)nc32)C1,0.6721137632799544
532,CCOC(=O)C=C1SCC(=O)N1CC(=O)C1=CCCCC1,0.5742200576771439
533,Cn1c(C(=O)NCC23CCCOC2CCN(C(=O)C2=NCCC2)C3)cccc1=O,0.807123910736821
534,Cc1cnccc1OC1CCCN(C(=O)C(=O)Nc2cn(C)nc2-c2ccco2)C1,0.6640387249768247
535,O=C(O)C1CC(=O)N(c2ccccc2CCO)C1,0.8213123339237084
536,CCn1cc(CN2CCN(C(=O)c3cc(C)c(C)cc3C)CC2)c(C)n1,0.8471564346865669
537,CC(C#N)C(=O)N1CCC(C)(NC(=O)C2CC(=O)N(C(C)C)C2)CC1,0.8166759560696192
538,Cc1cc(C)cc(C(=O)Nc2cc(C3CCCCN3C(=O)C3(F)CCN(C(=O)OC(C)(C)C)C3)[nH]n2)c1,0.6172540000898998
539,CC1CCCc2nc(S(=O)(=O)NC3CCN(c4cccc(F)c4)CC3)cn21,0.8688765567201442
540,CN(C)C(=O)C1=NOC2CN(C(=O)c3ccc4occc4c3)CC12,0.8342239627935115
541,O=C1CC(C(=O)NC2(CNC(=O)C(F)c3ccccc3)CC2)CCN1,0.717083758652841
542,Cc1ccc2c(c1)CN(C(=O)NCCCOCC1CCOC1)CCO2,0.8018896933117693
543,CC(NC(=O)NCC1CC12CC2)c1cccc(C2CC2)c1,0.8497048336004646
544,O=C1CCCCC1C1CCCCCN1C(=O)c1cn(-c2cccc(Cl)c2)nn1,0.7784511299980136
545,COc1nc(C)ccc1C(=O)N1CC2COCC(C1)C2NC(=O)CCOc1ccc(F)cc1,0.6858558478179005
546,COCCC(C)NC(=O)C(=O)N1CCCCC1C(C)NC(=O)OC(C)(C)C,0.6800012742985023
547,COc1ccc(C2CCN(C(=O)C(=O)NCC(C)(C)c3ccc(OC)c(OC)c3)C2)cc1OC,0.596887170934596
548,CNC(=O)CNC(=O)c1ccc(=O)n(Cc2ccccc2Cl)c1,0.8571842137642799
549,CN1CCC(O)=Nc2c1cccc2S(=O)(=O)N(C)C,0.8892545552863884
550,O=C(O)C1CC2CCCCC2N1CC(F)C(F)(F)F,0.8093778167634678
551,Cn1c(C(=O)N2CCC(CNC(=O)c3cc(F)ccc3F)C2c2cccnc2)ccc1C(F)(F)F,0.5389463230440966
552,CCn1cc(C(=O)N2CC3CC2CN3C(=O)C2CC23CCCC3)cn1,0.8430154362746534
553,Cc1cnccc1CNC(=O)C(=O)N1CCCCC1CCCc1ccccc1,0.7825902586035166
554,CC(C)N1C(=O)c2ccccc2C2CC(C3C=C(O)N=N3)COC21,0.9059483466129378
555,N#Cc1cc(C(=O)N2CCOC(Cc3ccccc3)C2)cnc1C(F)(F)F,0.8271141265838882
556,CC1CCCc2nnc(COc3c(Cl)cccc3Cl)n21,0.8577785322331396
557,CN(C)C(=O)N1CCC(C(=O)OC2CCOC3(CCOC3)C2)CC1,0.7081187003194395
558,Cc1cc(C(=O)NCC2CCCOC2c2ccnn2C)sc1C,0.9356363025814811
559,CC(NC(=O)Nc1cccc(OC(C)(C)C)c1)c1nnnn1C,0.9016079885459582
560,CCOC(=O)N(C)C1CCN(c2nnc(CC)n2CC(CC)Oc2ccccc2F)CC1,0.580682127084233
561,Cc1ccc2[nH]c(C(=O)NC3CCCC3CO)c(Cl)c2c1,0.8158561869657998
562,O=C1CC(NC(=O)N2Cc3ccccc3OC3(CCOCC3)C2)CN1Cc1ccccc1C(F)(F)F,0.6886636427900987
563,O=C(c1cc(C(F)(F)F)ccc1[N+](=O)[O-])N(CCO)Cc1cccc(Br)c1,0.5360878686288885
564,CC(C)N1CCCC(N(C)CCCN2CCN(C)CC2)C1=O,0.7307838481290581
565,COc1nc(-c2cc(F)cc(C(=O)N(C)OC)c2)ncc1C#N,0.799151452761311
566,COCCC(C)S(=O)(=O)NCc1c(C)nn(Cc2ccccc2)c1C,0.7404689814549371
567,CNC(=O)c1ccc(CSCc2nc(-c3ccc(F)cc3)no2)cc1,0.7289729712735963
568,CN1CCC(C2CN(Cc3ccccc3)CCC2=O)CC1,0.8523846247449683
569,Cc1cc(C(=O)OC2CCCC2C)nn1-c1cccc(C#N)c1,0.8149198545656408
570,COc1ccccc1C=NOC(C)C(=O)Nc1cc(C)no1,0.6537452898920365
571,CCn1cc(NS(=O)(=O)c2cc(C)cc(C)c2)c(C(N)=O)n1,0.867622302058246
572,O=C(O)C1C2CCC(CC2)C1NS(=O)(=O)c1cccc2c(Cl)cccc12,0.8297709697982694
573,Cc1cnccc1COC(=O)c1sc(-c2ccc(F)c(F)c2)nc1C,0.6448952995265779
574,CC1CCCc2nnc(-c3ccc(F)c(C(F)(F)F)c3)n21,0.7451457834613798
575,N#Cc1ccc(NC(=O)N2CCC(Oc3ccc(Cl)c(Cl)c3)C2)cc1,0.8548148535754163
576,CC(NC(=O)Nc1cc(S(C)(=O)=O)ccn1)C(O)Cc1ccccc1,0.7222995829670004
577,CN(C)C(=O)C1CCN(C(=O)c2cn(C)nc2C2CCCCC2)C1c1ccccc1,0.7739801794878319
578,Cc1ccc2sc(N3CCC4(CCOC4=O)C3)nc2c1C,0.7593707250715772
579,COC(=O)c1ccccc1NC(=O)C(C)OCCc1ccccc1,0.7939243768914541
580,Cn1c(C(=O)N2CCCC2c2ccccc2Cl)cc2ccccc2c1=O,0.6827394085921369
581,O=C1CC(C(=O)N2CCOc3cc(F)c(Br)cc32)CN1c1ccc(F)cc1F,0.6952920232071073
582,CCOC(=O)N1CCCC(C(=O)N2CC3CCCC3(C(=O)OC(C)(C)C)C2)C1,0.6881939331036186
583,CC(C)N1CCC(NC(=O)Nc2cccc3ccccc23)C1=O,0.9152010750807366
584,COc1nc(S(=O)(=O)NCc2ccc(C)cc2)ccc1F,0.9171273812859013
585,O=C(c1cc(-c2ccncc2)nc2ccccc12)N1CC(CO)c2ccccc21,0.5817808453529093
586,CN1CCC(CC(C)(CO)NC(C)(C)C)CC1,0.7896799006648864
587,Cc1cc(CN=C(O)N2CCCC(C3(C)OCCO3)C2)nc(C)n1,0.6724377613257703
588,CCn1cc(N(Cc2ccn[nH]2)CC(C)C)cn1,0.8517076477800164
589,COCCC(C)NC(=O)N1CCC2CC(O)CCC2C1,0.8241395746801073
590,CNC(=O)c1ccc(OCC2CN(C(=O)OC(C)(C)C)CCCO2)cc1,0.887976561592082
591,O=C(O)C1CCC[NH+]1Cc1cc(C(F)(F)F)ccc1[O-],0.8469253901092857
592,CC1CCCc2nc(-c3ccc(N)cn3)cnc21,0.8315929386780005
593,COc1cccc(CNC(=O)c2cncc(C(O)=Nc3ccccc3C#N)c2)c1,0.497698311907494
594,N#Cc1ccc(OCc2ccc(C(=O)Nc3ccc(N4CCN=C(O)C4)nc3)o2)cc1,0.631192800620319
595,Cc1cncc(-c2noc(CN3CCC4CC(c5nc(C)cs5)OC4C3)n2)c1,0.6660329130061492
596,CC(C)N1CCC(C(=O)N2CC3Cc4nn(C(C)C)c(=O)n4CC3C2)CC1=O,0.7694141383800913
597,CC(NC(=O)CC(N)=O)C(C)Nc1ncc(Cl)cn1,0.6516903121184054
598,CN(C)C(=O)c1cccc(-c2nnc(C3CC3c3ccccc3)o2)c1F,0.7163238749071904
599,Cc1ccc2c(c1)[nH]c1c(=O)n(N=C(O)C(C)(C)C)c(O)nc12,0.4742527868665966
600,COC(=O)c1cn(C)nc1NC(=O)NCC(N1CCOCC1)C(F)(F)F,0.7271819377285562
601,COc1nc(NCc2cn(C)c3ccccc23)nc2c1cnn2C(C)(C)C,0.5979331192417839
602,Cn1c(C(=O)OCC2(C)CCNC2=O)ccc1-c1ccc(F)cc1,0.8764668336835516
603,O=C(C1CC(=O)N(c2ccc(Cl)cc2F)C1)N1CCC(O)C(C2CCCC2)C1,0.8348003248695939
604,CCn1cc(-c2noc(CCNc3ccccc3C(F)(F)F)n2)c(=O)[nH]c1=O,0.6634240618361196
605,CNC(=O)CC(C)NC(=O)N1CCC(CSc2ccccc2)C1,0.784551069496349
606,Cn1c(C(N)CCO)cn2nccc2c1=O,0.7268669201352028
607,COCCC(CO)NC(=O)C(=O)Nc1ccc(N2CCCC2=O)c(OC)c1,0.5585165188430513
608,CN1CCC(CN(C)C(O)=NC2CCCc3sc(-c4ccc(F)cc4)nc32)CC1,0.5883748388209477
609,Cc1cc(C)nc(NC(=O)Cc2ccc(NC(=O)C(F)(F)F)cc2)c1,0.8870706643524383
610,CCOC(=O)C(CC)(CC)NC(=O)C1CC2CCC1N(C(=O)OC(C)(C)C)C2,0.6967332174491756
611,O=C(c1c[nH]c2ccc(C(F)(F)F)cc2c1=O)N1CCCC2CCCC21,0.833001513367762
612,CC(C)N1CCC(NC(=O)C(=O)NCC2CCCOC2)C1=O,0.6950964518600172
613,Cc1cnccc1C(=O)N1CC(NC(=O)C2CC2C(F)F)C(C)(C)C1,0.905069668916173
614,CN(C)C(=O)COc1ccccc1CNc1ccc2nc(-c3ccccn3)[nH]c2c1,0.4933320563580178
615,CC(NC(=O)c1nn(-c2ccccc2)c2c1CCC2)C(=O)Nc1cccc(N2CCCC2)c1,0.6086809346656697
616,COc1ccc(C2(C(=O)NCC3(c4cnn(C)c4)CCCO3)CCOCC2)cc1,0.8068399958629987
617,N#Cc1ccc(CN2CCC(NC(=O)C3CC(c4cccnc4)=NO3)C2=O)cc1,0.8308343634194334
618,COc1nc(C)cc(C)c1CCc1ccccc1C,0.8286856735552753
619,O=C1CC(c2noc(-c3cncc(-n4ccnn4)c3)n2)CN1Cc1ccccc1,0.5171995116409335
620,Cc1cc(C(=O)NCC2OCC3CCN(C(=O)c4ccc(F)nc4F)CC32)c[nH]1,0.76243567195953
621,COC(=O)c1ccc(N2CCC(=O)C2)nc1-c1ccc(F)cc1F,0.8087711635295969
622,CNC(=O)c1cccc(NCc2cn3ccccc3n2)c1[N+](=O)[O-],0.5530166763225061
623,CCn1cc(C(=O)NC2CCC(c3cccc(F)c3)C2)nn1,0.9437237838221947
624,CCn1cc(C(=O)NC2CCCN(c3ccc(Br)c(C)c3)C2=O)c2ccccc21,0.6238525369037825
625,O=C(c1cc(Cl)c[nH]1)N1CC2CC1CN2c1cccc(F)n1,0.8639363756381296
626,Cn1c(C(=O)Nc2ccc(-n3ccc(=O)[nH]3)cc2)ccc1-c1ccc(Br)cc1,0.5028948674890591
627,Cc1cncc(CNC(=O)C(=O)Nc2nc3c(s2)CCCC3)c1,0.8429995385794598
628,CN1CCC(CN=C(O)Cc2c(F)cccc2F)c2ccccc21,0.6769701109831865
629,COCCC(CO)NC(=O)c1ccnc(N2CCCC(C)C2)c1,0.7948496635628937
630,CCOC(=O)C1CCC(OCc2ncc(C)s2)CC1,0.7791381712848621
631,CC(C)N1C(=O)c2ccccc2NC12CCCC1CC12C,0.8487660378941833
632,COc1ccc(Cn2c(C3CCCCO3)nnc2N2CCN(C(=O)NC(C)(C)C)CC2)cc1OC,0.6700350726630065
633,CCn1cc(CN2CCN(C(C(=O)OC)c3ccsc3)CC2)c(C)n1,0.7382941643707422
634,N#Cc1cc(Cl)c(N2C(=O)NC3(CCSCC3)C2=O)c(Cl)c1,0.7846842152406518
635,CC(NC(=O)CNC(=O)c1ccc2c(c1)OCO2)C(=O)OCc1ccccc1,0.6996762021594685
636,COc1nc(S(=O)(=O)Nc2noc3ccc(Br)cc23)ccc1F,0.7214152866939412
637,CN(Cc1ccc2c(c1)OCO2)C(O)=NCC(c1ccc(F)cc1)N(C)C,0.6224840188189734
638,Cc1ccc(C(=O)NCCC(C)NC(=O)c2cc(C)c(C)o2)o1,0.8574372730557426
639,O=C(c1ccccc1)N1CCC(Oc2nccn3nccc23)CC1,0.7428556528469727
640,O=C(O)C1CC=CC2CCC3CC=CC23C1=O,0.5566373252330896
641,CC1CCCc2nc(S(=O)(=O)NC3CCN(CC#N)CC3)cn21,0.8292768917631872
642,COC(=O)CNC(=O)c1ccc(NC(=O)N2CCOC(c3cccc(F)c3)C2)cc1,0.730988229296659
643,Cc1cnccc1OC1CCN(C(=O)C2C3CN(C(=O)OC(C)(C)C)CC32)C1,0.7967964782699221
644,CNC(=O)c1cc(Nc2ccc(F)c(Cl)c2Cl)ccc1F,0.8200099237931242
645,O=C1CC(NC(=O)N2CCCC2C(O)C(F)(F)F)CN1c1cccc(C(F)(F)F)c1,0.7119517030556013
646,COCCC(C)NC(=O)N1CCN(C(=O)c2ccc(Cl)cc2F)CC1,0.8639543062396314
647,CC(NC(=O)C(=O)N1CCN(C(C)C)C(=O)C1)c1ccc(OCc2cccnc2)cc1,0.7156145228864327
648,CN1CCC(CCNC(O)=NCCc2cnccn2)CC1,0.6094658424030908
649,CCOC(=O)c1sc(N)c(C#N)c1CN1CCC(C(Oc2cc(Cl)ccc2Cl)c2nc[nH]n2)CC1,0.3923191753376888
650,CCn1cc(NS(=O)(=O)c2ccc(OCC3CCOC3)c(F)c2)c(C(N)=O)n1,0.6742614230307055
651,Cn1c(C(=O)N2CC3CCC2C3Nc2cccnc2)cccc1=S,0.8731429405698198
652,COc1ccc(-c2ncccc2C(=O)N2CCC(C3CCCCN3C(=O)c3ccnnc3)CC2)cc1,0.5408296700634616
653,N#Cc1ccc(OCc2nnc(N3CCC4CCCCC4C3)n2CC(=O)NCC(F)(F)F)cc1,0.6580021280144176
654,Cc1cc(C)c2sccc2c1S(N)(=O)=O,0.8313695549103998
655,COc1nc(C(F)(F)F)c(C(=O)Nc2cc(F)c(S(C)(=O)=O)cc2F)s1,0.7746287316954968
656,CC(NC(=O)COC1CCOC1)c1ccc(NC(=O)c2ccncc2)cc1,0.7817625741570736
657,Cc1ccc2[nH]c(C(=O)N3CCOC(C(=O)O)C3)cc2c1C,0.8844543348432731
658,CC1CCCc2nc(S(=O)(=O)NC3CC4CCC3C4)cn21,0.9311363429530535
659,O=C(c1cnn(C2CCCCC2)c1)N1CCCC(Oc2ncccc2F)C1,0.8226542969869883
660,CN(C)C(=O)c1cccc(C(=O)N2CCC(C3CCCCN3C(=O)c3cc4n(n3)CCCO4)CC2)c1,0.6536652274855621
661,Cc1cncc(NC(=O)c2cc3cc(Br)cc(Br)c3oc2=O)c1C,0.578398202072191
662,COCCC(C)S(=O)(=O)NC(C)CCc1ccc2c(c1)OCO2,0.7430071084073622
663,CNC(=O)C(NC(=O)CSC(C)c1nc(Cc2ccccc2)no1)c1ccccc1,0.5479796676215186
664,O=C(O)C1CCC(C(=O)N2CC3CCCCC3C2)C1,0.8318477767453403
665,COC(=O)C1CCC(C(=O)N2CC3COCC(C2)C3NC(=O)c2ccc(-c3cccnc3)cc2)C1,0.6650214643140263
666,CC(C)N1C(=O)OCc2c(CO)cccc21,0.8310116697970844
667,O=C1CC(C(=O)N(CCc2ccccn2)c2ccc(Br)cn2)CN1Cc1ccco1,0.5298263158188344
668,Cn1c(C(=O)N2CCOCC3(CN(C(=O)Cc4ncccn4)CCO3)C2)cc2c1-c1ncccc1OC2,0.5211152125440843
669,CCn1cc(CN(C)C(=O)C(=O)N2CCCC2CC(O)c2ccc(F)cc2)cn1,0.7510252667922871
670,CN1CCC(Nc2ccc3ncsc3c2)C1=O,0.8817608515872625
671,Cc1cc(C)cc(CNC(=O)c2ncnc3[nH]ccc23)c1,0.7740648551470265
672,Cc1ccc2nc(Cn3c(=O)c4ccccc4n4c(C)nnc34)cc(=O)n2c1,0.47088396276852473
673,COc1nc(C)ncc1C(=O)NC(CNCC#N)C1CCCCC1,0.581158242005761
674,CC(NC(=O)Nc1ccc2c(c1)CCC(=O)N2Cc1ccc(Cl)cc1)C(C)(C)CO,0.6380965244841028
675,O=C(c1cccc(C2OCCO2)c1)N1CCn2ncc(Br)c2C1,0.8052946373799362
676,COc1ccc(C)cc1NC(=O)NC(C)C(C1CC1)C1CC1,0.8356702691345006
677,N#Cc1cccc(-c2noc(-c3cnc(N4CCOCC4)nc3)n2)c1,0.7156099918984203
678,CCOC(=O)C(CC1CCCO1)NC(=O)COc1ccc2c(c1)CCC(=O)N2,0.6533609528831783
679,CN(C)C(=O)C1=NOC2CN(C(=O)c3cc(C4CC4)n[nH]3)CC12,0.8621065081155608
680,O=C(O)C1COCCN1C(=O)CCc1nc2ccccc2n1-c1ccccc1,0.7351347718751954
681,COCCC(C)NC(=O)NCc1ccc(OC)cc1OC1CCCC1,0.7172998920163987
682,Cc1cnccc1OC1CCCN(C(=O)C(=O)Nc2nc(-c3ccco3)cs2)C1,0.6614875172366502
683,CC(C)N1CCCC(OC(=O)C2CC(=O)N(c3ccc(F)c(Cl)c3)C2)C1=O,0.7338436332272052
684,CNC(=O)c1ccc(OC)c(NC(=O)C(=O)NCC2CCOCC2OC)c1,0.6068258159010965
685,CCn1cc(C(=O)N2CC(C)C(NC(=O)c3cc(C)cc(F)c3)C2)c(C)n1,0.8969069505902357
686,CN1CCC(O)=Nc2c1c(-c1cccs1)nn2C,0.8590382478187412
687,CC1CCCc2nc(S(=O)(=O)NC3CCSc4ccccc43)cn21,0.9087339286431715
688,Cc1cc(C)cc(C(=O)N2CC(C)C(CNC(=O)c3c(C)ncn3C)C2)c1,0.9015265964972256
689,COC(=O)Cc1cc(=O)n(-c2ccc(C(=O)Nc3cccc(OC)c3)cc2)[nH]1,0.63711470956903
690,O=C1CC(C2CCN(C(=O)CNc3ccccn3)CC2)CN1,0.8652454882235613
691,COc1ccccc1-n1c(SCC2CC2)nnc1-c1ccc2c(c1)OCCO2,0.5827596137895483
692,O=C(c1cn(-c2cccc(Cl)c2)nn1)N1CCc2[nH]ccc2C1,0.7858529765439306
693,Cn1c(C(=O)NCC23CCCOC2CCN(C(=O)c2cccc4c2OCC4)C3)cc2ccccc21,0.6290995983422221
694,COc1nc(NCc2cn(CC(F)(F)F)cn2)nc(-c2ccccc2)n1,0.724684438970197
695,CN(C)C(=O)Nc1cccc(CNC(=O)Cc2csc(-c3ccoc3)n2)c1,0.6821802546833905
696,CC(NC(=O)NCC1CCN(c2ccc(F)cc2)C1)C(=O)N1Cc2ccccc2C1,0.7967930689236412
697,N#Cc1ccc(NC(=O)N2CCCC3COCC32)c(Cl)c1,0.8673552109613212
698,Cc1ccc2c(c1)CN(C(=O)NCCCNc1ccccn1)C(C)(C)C2,0.8061626309132152
699,O=C(O)C1CC(=O)N(c2cccc(C(O)=Nc3ccc(CO)cc3)c2)C1,0.5633490596948953
700,COCCC(C)NC(=O)N1CC2CC2C1,0.7571393011671971
701,CC(C)N1CC(C(=O)NC2C3CN(C(=O)c4cocn4)CC32)CC1=O,0.8352646437801599
702,CCn1cc(N(Cc2ccnn2CC(C)C)CC(C)C)cn1,0.7498508381232998
703,Cc1cnccc1CNC(=O)NCCOc1ccccc1-c1ccccc1,0.6267880415671099
704,CC1CCCc2ccccc2C1N=C(O)N1CCC(Oc2cccnc2)C1,0.5039787164541677
705,CCOC(=O)c1c(OC(C)C(F)(F)F)c2ccccc2n(C)c1=O,0.8009210130787489
706,Cc1cc(C(=O)OC2CNOC2)cc(Cl)c1Br,0.8505472506794935
707,CN1CCC(N2CCN(C(CC(=O)O)C3=c4ccccc4=NC3)CC2)CC1,0.7923144414504797
708,CNC(=O)CNC(=O)c1cccnc1SCc1ccc(F)cc1,0.7932889876265966
709,O=C1CC(C(=O)NC2(c3noc(C4CCC=CCC4)n3)CCCC2)CCN1,0.7922007506667575
710,O=C(c1c[nH]c2ccc(C(F)(F)F)cc2c1=O)N1CCCC(C(=O)N2CCCCC2)C1,0.7858606344588411
711,N#Cc1cc(F)cnc1NC(c1ccccc1)c1ccncc1,0.7982521942281586
712,COc1nc(-c2cc(F)ncc2C)ncc1C(F)(F)F,0.6289990948685601
713,COc1ccc(C2CCN(C(=O)Nc3nc(C(C)(C)C)cs3)C2)cc1OC,0.837380274503704
714,CC(NC(=O)C(=O)NCc1nccc(C(F)(F)F)n1)c1cccc(OCc2ccccn2)c1,0.5265506074619314
715,COC(=O)CN(Cc1cc(OC)cc(OC)c1)C(=O)CCc1ccc(Cl)c(OC)c1,0.5316140403930013
716,CN(C)C(=O)N1CCCC2(CCCN(C(=O)NCc3ccc(F)cc3)C2)C1,0.8629019042077122
717,Cc1ccc2[nH]c(C(=O)N3CCOC4(CCN(C(=O)c5cc(Cl)c(Cl)cc5C)C4)C3)cc2c1,0.5635520146741727
718,Cn1c(C(=O)N2CC3COCC(C2)C3NC(=O)CCCC(F)(F)F)cc2ccccc21,0.7820312132179387
719,CC(C)N1CCCC(N(C)Cc2ccoc2)C1=O,0.8209430975886469
720,Cc1cc(C)nc(NC(=O)C(=O)Nc2ccc(OC(C)c3ccccc3)cc2C)c1,0.6040283973814601
721,CCn1cc(-c2noc(COc3cccc(NC(=O)C4CC4)c3)n2)c(=O)[nH]c1=O,0.6177524307246942
722,COCCC(C)NC(=O)CCC(=O)c1ccc(OC)c(OC)c1Cl,0.651642300591172
723,Cc1cnccc1COC(=O)c1cc(F)ccc1-n1cccn1,0.6948649319699522
724,CCOC(=O)C=C1SCC(=O)N1CCOC1CCCCCC1,0.42641562803112476
725,CN1CCC(C2CN(Cc3cccnc3)Cc3nn(C)cc32)CC1.O=C(O)C(F)(F)F,0.7929538567483514
726,O=C(O)C1CC2CCCCC2N1C(=O)Cc1nc(-c2ccsc2)no1,0.8989679397500876
727,CNC(=O)C1CN(C(=O)c2csc(-c3cccc([N+](=O)[O-])c3)n2)CCO1,0.6354047686231615
728,CC1CCCc2nc(-c3cnn(C)c3)sc21,0.7578038470120749
729,O=C1CC(NC(=O)N2CCCCC2Cn2cccn2)CN1c1cccc(C(F)(F)F)c1,0.8015384006352274
730,O=C(c1cc(-c2ccncc2)n[nH]1)N1CCC2(C1)CN(C(=O)C1CCC3(CC1)OCCO3)CCO2,0.7124604146717135
731,N#Cc1cc(C(=O)N2CCOC3CCCC32)c[nH]1,0.8099020541509588
732,COc1ccccc1C=NOCC1CCC(C)O1,0.59460779459187
733,CN(C)C(=O)C1CCN(C(=O)C(=O)NCC2COC(C)(C)O2)C1,0.6851700299442933
734,COc1nc(C)ccc1C(=O)N1CCOC2(COCCN(C(=O)C(F)c3ccccc3)C2)C1,0.7002656751593082
735,CC(C)N1CCC(C(=O)Nc2c(F)cccc2F)C1=O,0.8636745099021967
736,Cn1c(C(=O)OCC2(O)CCCC(C)(C)C2)cc2c(=O)n3ccccc3nc21,0.7030041126059288
737,CC(NC(=O)Nc1cc(-c2ccc(F)cc2F)nn1C)c1ccc(C#N)cc1,0.713140255671863
738,CCn1cc(C(=O)NC2CN(C(=O)CCc3cncnc3)CC2O)c(C)n1,0.7342029244022186
739,O=C(O)C1CCC[NH+]1Cc1ccc(F)c([O-])c1F,0.7790448170539269
740,Cc1cc(C)c2sccc2n1,0.5815882201424656
741,Cc1ccc2cc(C(=O)N(C)C(C)C)c-2c(C)c2cc3c(cc12)C(C)(C)C(OS(C)(=O)=O)C3,0.4936413892718897
742,COCCC(C)S(=O)(=O)NCCOc1cc(C)cc(C)c1,0.7082261541980723
743,CN1CCC(CC(C)(CO)NCCO)C1,0.5685046020681063
744,Cc1cnccc1C(=O)NCCC1CCN(C(=O)c2cncn2C)C1,0.891501098174023
745,COC(=O)C(OCCCC1OCCO1)c1cccc(F)c1,0.570438841463574
746,CC1CCCc2nnc(-c3ccccc3C(F)(F)F)n21,0.7942839160634817
747,O=C1CC(C(=O)N2CCC3COC(CNC(=O)Cn4cncn4)C3C2)CN1,0.6385921708218751
748,O=C(c1cc(C(F)(F)F)[nH]n1)N1CCCCC1c1nc2ccccc2o1,0.7474352058183398
749,CNC(=O)c1ccc(CS(=O)(=O)N(C)CC(O)Cc2ccccc2)cc1,0.7293464299717599
750,N#Cc1ccc(CN2CCC(NC(=O)NC3CCCC3CO)C2=O)cc1,0.7349687568127433
751,CC(C)N1C(=O)c2ccc(-c3nc(Cc4ccc5c(c4)CCO5)no3)cc2S1(=O)=O,0.6331779952355064
752,CCOC(=O)N(C)C1CCN(c2nnc(C3CCS(=O)(=O)C3)n2Cc2ccc(Cl)cc2)CC1,0.6072198847081983
753,COc1ccc(C2(C(=O)Nc3cccc4nonc34)CCOCC2)cc1OC,0.7235480273114641
754,CN(C)C(=O)c1ccccc1NCC(=O)NC(=O)Nc1ccc2c(c1)OCO2,0.7262803405107799
755,COc1nc(C)cc(C)c1COC(=O)C1CCN(C(=O)c2ccccc2)C1,0.7592689325455213
756,CCn1cc(C(=O)NC2CN(C(=O)c3cnccn3)CC2O)c(C2CC2)n1,0.776553002619201
757,Cc1cncc(-c2noc(C3(c4cccc(C)n4)CCOCC3)n2)c1,0.730845802930917
758,O=C(O)C1C2CCC(CC2)C1C(=O)N1CCC(O)c2cc(F)ccc2C1,0.849054401218066
759,CC(NC(=O)CC(N)=O)C(C)NC(=O)c1ccccc1-c1ccncc1,0.6491689582867429
760,Cn1c(C(=O)N2CCCC2CC(O)c2ccc(F)cc2)c(Cl)c2ccccc21,0.6895663991020508
761,COCCC(CO)NC(=O)NCCC(=O)NC1CCCCC1,0.49832366465821926
762,Cc1cc(CN=C(O)N2CCCC2CN)cc(C(F)(F)F)c1,0.6658461269829621
763,CC1CCCc2nc(S(=O)(=O)Nc3ccn(Cc4ccccn4)n3)cn21,0.7409397816063195
764,O=C(NC1CCN(C(=O)c2cc(Cl)c[nH]2)CC1)N1CC23CCCCC2(COC3)C1,0.7717788931269906
765,CN1CCC(CN=C(O)Cc2ccccc2C(F)(F)F)(c2ccccc2)CC1,0.584158153547553
766,Cc1ccc2[nH]c(C(=O)OCC3CC4CC4C3)c(Cl)c2c1C,0.8377913076800004
767,CNC(=O)CC(C)NC(=O)NCc1cn(C)nc1-c1ccc(C#N)cc1,0.7252869143133301
768,O=C1CC(C(=O)N2CCC(CNC(=O)c3ccccc3C(=O)OCCO)C2c2cccnc2)CCN1,0.46697232372638203
769,N#Cc1ccc(OCc2cc(F)c(C#N)c(F)c2)nn1,0.8537328193077459
770,COC(=O)c1ccccc1N(C)C(=O)CN(Cc1ccco1)CC(F)(F)F,0.6868079880692348
771,CC(C)N1CCC(NC(=O)C(=O)NCc2nc3ccccc3n2C2CC2)C1=O,0.7562985010992646
772,COc1nc(S(=O)(=O)N2CCC3(CCC(C(=O)NCC4CC4)C3)CC2)ccc1F,0.755732357479616
773,COc1cccc(CNC(=O)NCC(=O)N2CCN(C(=O)OC(C)(C)C)CC2)c1OC1CCCC1,0.6083690293833718
774,CN(C)C(=O)c1ccc(NC(=O)CN2CCCN(C)c3ccccc32)cc1Cl,0.8548482282433097
775,CCn1cc(C(=O)N2CCC(NC(=O)CC3(C)CCCCC3)C2)nn1,0.8831893000382322
776,O=C(O)C1CCC(C(=O)N2CCN(c3cnccn3)CC2)C1,0.8809898334435777
777,Cc1cncc(CNC(=O)NC2CCN(c3ccc(F)cc3F)C2)c1,0.8950105711444105
778,CCOC(=O)N1CCCC(C(=O)N2CCC(C)(F)CC2)C1,0.7853680883961351
779,CC(NC(=O)c1nn(-c2cccc(F)c2)c2c1CCC2)C(C)(C)c1ccccc1,0.6911330407257749
780,Cn1c(C(=O)N2CCC3CN(C(=O)c4ccc(F)s4)CC32)c[nH]c1=O,0.8600556433331266
781,CC1CCCc2nc(S(=O)(=O)N(C)CC3CCCCC3O)cn21,0.9081269317231926
782,Cc1cc(C(=O)NCC2CCCC(C(F)(F)F)C2)c(C)n1C1CCCOC1,0.8246957983552863
783,O=C(c1ccccc1)N1CCC(CNS(=O)(=O)c2ccc(Br)cc2Cl)CC1,0.7182989883037975
784,Cc1ccc2sc(N3CCC(O)(CC#N)C3)nc2c1C,0.922354041395123
785,COCCC(CO)NC(=O)c1sc2ccc(C#N)cc2c1C,0.8552661046005129
786,CNC(=O)c1cccc(NC(=O)C(NS(=O)(=O)c2ccc3c(c2)OCCCO3)C(C)C)c1C,0.565394575035219
787,N#Cc1cc(Cl)c(N2CC3CCC2CN3c2cc[nH+]cc2-c2nn[n-]n2)c(Cl)c1,0.6330541128101373
788,CN1CCC(Nc2ccc3nc(C(F)F)[nH]c3c2)C1=O,0.905217839946981
789,CN(C)C(=O)COc1ccc(NC(=O)C2Cc3cc(Br)ccc3O2)cc1Cl,0.7521972648573398
790,CCn1cc(CN2CCN(Cc3cc(CN(C)C)cs3)CC2)c(C)n1,0.7577255078286473
791,CC(C)N1C(=O)OCc2cc(CCN)ccc21,0.8704644903394869
792,COc1nc(C(F)(F)F)c(C(=O)NC23CC(C(=O)NCC(F)F)(C2)C3)s1,0.7192119940618309
793,Cc1ccc2c(c1)[nH]c1c(C)cc(C#N)cc12,0.614427760904662
794,O=C(O)C1CC=CC2CC(O)=NC21,0.5924978563169846
795,Cc1cnccc1OC1CCN(S(=O)(=O)c2ncc(F)cc2F)C1,0.8376664590074789
796,COc1ccc(Cn2c(C3CCCCO3)nnc2N2CCC(C)C2)c(C(F)(F)F)c1,0.7103296994354539
797,CN1CCC(O)=Nc2c1cc(F)c(F)c2F,0.6949876153952732
798,COC(=O)c1ccc(N2CCN(C(=O)Cn3cnc4c(cnn4C)c3=O)CC2)c(Cl)c1,0.5510791932461883
799,O=C(NC1CC(=O)N(C2CC2c2ccccc2)C1)N1CCc2c(ncn2-c2ccccc2)C1,0.6764790108194504
800,CC1CCCc2nc(S(=O)(=O)N3CCC(c4ccncc4)CC3)cn21,0.843944474449546
801,Cc1cc(C(=O)NC(C)CC2CCOC2)c(C(F)(F)F)o1,0.9294168918513555
802,Cn1c(C(N)CCO)cnc1-c1ccc(Cl)cc1Cl,0.9122761839692622
803,Cn1c(C(=O)Nc2ccc3occc(=O)c3c2)cc(=O)c2ccccc21,0.6050231011388176
804,CCOC(=O)C1CCC(Oc2c(F)ccc3ccccc23)CO1,0.8098566205427534
805,CC(NC(=O)CNC(=O)c1ccc(F)cc1F)C1CCCN(C(=O)OC(C)(C)C)C1,0.759515601962317
806,O=C(c1cnn(C2CCCC2)c1-c1ccccc1)N1CC2CCC(O)CC2C1,0.8799123180891196
807,COCCC(C)NC(=O)NC(c1ccc(C(C)(C)C)cc1)C(C)C,0.7760058550084378
808,Cn1c(C(=O)NCC23CCCOC2CCN(C(=O)C2CCCC4CCCCC42)C3)cc2ccccc21,0.6608890119016413
809,CC(C)N1CCN(C(=O)C(=O)N2CCOC(C)(C)C2C)CC1=O,0.6408919644029785
810,CCn1cc(NS(=O)(=O)c2ccccc2N)c2ccccc21,0.7264626783213315
811,Cc1cncc(NC(=O)c2cc(Br)c(Cl)cc2C)c1,0.882657407312499
812,CN(C)C(=O)C1=NOC2CN(C(=O)CCN3Cc4ccccc4C3=O)CC12,0.7650135222672848
813,COc1nc(NCc2cn(Cc3cccc(C(F)(F)F)c3)cn2)cc(C)c1F,0.6294287025998183
814,CNC(=O)c1cc(Nc2cc(OC)ccc2N)ccn1,0.7381029462156361
815,N#Cc1ccc(NC(=O)N2CCOC3(CCCN(c4cccnc4)C3)C2)cc1,0.8703009884485995
816,Cc1cc(C)cc(C(=O)N2CCOC3(COCCN(C(=O)c4ccc(-c5ccccc5)nc4)C3)C2)c1,0.5651721933716402
817,CC1CCCc2nc3cc(SCC(F)F)ccc3c(=O)n21,0.8117207865217345
818,COc1ccc(C)cc1NC(=O)Cn1nc(C(F)(F)F)cc1C,0.9383085641020773
819,Cc1ccc2sc(N3CCC(C)(F)C(F)C3)nc2c1C,0.7841852577385304
820,O=C(O)C1CC2CCCCC2N1C(=O)c1cccc(CN2CCCC2=O)c1,0.8838504876746611
821,CN1CCC(CN(C)C(O)=Nc2cnc(-c3ccccc3)nc2)CC1,0.6851967526176527
822,O=C(c1cccc(C2OCCO2)c1)N1CCC(F)(c2cccc(Cl)c2)C1,0.8104432359601352
823,O=C1CC(C2CCN(C(=O)C3CCCC3C(F)(F)F)CC2)CN1,0.8437419116910992
824,CCOC(=O)c1c(OC(C(=O)OC)c2cccc(Br)c2)[nH]c(C)cc1=O,0.7171466994057117
825,CC(NC(=O)COC1CCCN(C(=O)OC(C)(C)C)C1)c1nc(-c2ccccc2)cs1,0.7126342043274507
826,COCCC(C)S(=O)(=O)N1CCC(C)(C)c2ccc(Br)cc21,0.7705325785273002
827,Cc1cnccc1OC1CCCN(C(=O)CCc2nnc(-c3ccsc3)o2)C1,0.6320568685091835
828,COC(=O)c1cn(C)nc1NC(=O)C(CC(C)C)N1Cc2ccccc2C1=O,0.7710018941051917
829,CCn1cc(CN(C)C(=O)C(=O)N2CC(C)(C)OC3(CC4CCC3C4)C2)c(C)n1,0.7282229272943801
830,N#Cc1ccc(OCc2nnc(N3CCC(C(=O)NCC(F)(F)F)C3)n2Cc2cccs2)cc1,0.5204587018058503
831,Cn1c(C(=O)N2CCOCC3(C2)CN(C(=O)C2CC24C(=O)Nc2ccccc24)CCO3)cccc1=O,0.6486901923941877
832,CC(C)N1CC(C(=O)N2CC3CCCC3(NC(=O)C(C)(C)F)C2)CC1=O,0.8184402757607557
833,CN(C)C(CN=C(O)Nc1ccc2oc(=O)ccc2c1)c1ccc(F)cc1,0.40844993979123445
834,COc1ccc(-c2nccc(N3CCCC(Oc4nccnc4C#N)C3)n2)cc1,0.6581297309968444
835,CC1CCCc2nnc(COc3ccc(N(C)S(=O)(=O)c4ccc(F)cc4)cc3)n21,0.5957163816070133
836,CNC(=O)CNC(=O)c1cccc(NC(C)CC(=O)Nc2ccccc2C(C)C)c1,0.5103755351248681
837,COc1nc(NCc2cn(Cc3ccccn3)cn2)cn2ccnc12,0.5801755942418384
838,O=C(O)C1COCCN1C(=O)c1scnc1C1CC1,0.8923864061165397
839,Cc1ccc2nc(Cn3c(C4CC4)nc4ccccc43)cc(=O)n2c1,0.5791399043403087
840,O=C(c1cn(-c2ccccc2Cl)nn1)N1CCC(F)(F)C(CO)C1,0.9128800146431538
841,Cc1cc(C)cc(CNC(=O)C2(C(=O)OC(C)(C)C)CC=CC2)c1,0.521558545409439
842,O=C1CC(c2noc(-c3cnn(Cc4ccccc4Cl)c3)n2)CN1CC1CC1,0.6369670369382358
843,CN1CCC(CCNC(O)=NCc2cc(C3CC3)n(C)n2)CC1,0.6218898588323664
844,COCCC(C)NC(=O)N1CCC(C(=O)N(Cc2ccccc2)C2CC2)CC1,0.7458106537811524
845,CC(NC(=O)Nc1ccccc1)C(=O)NCC1Cc2ccccc2N(C)C1,0.7615824112781461
846,CCOC(=O)C(CC)(CC)NC(=O)COc1ccc(C(C)C)c(C)c1,0.689947239837712
847,CCn1cc(N(Cc2ccn(-c3ccc(F)cc3F)n2)CC(C)C)cn1,0.6393014593422368
848,CC(C)N1CCCC(OC(=O)CC2CCS(=O)(=O)C2)C1=O,0.7149401195247157
849,Cc1cnccc1CNC(=O)NC1CCCN(c2ccccc2Cl)C1=O,0.8657905911710274
850,COC(=O)CNC(=O)c1ccc(Nc2cc(C(N)=O)ccc2OC)cc1,0.6451379675920969
851,O=C(O)C1CCC[NH+]1Cc1ccccc1-c1nn[n-]n1,0.7515966242547857
852,Cn1c(C(N)CCO)cnc1C#N,0.6665211815415636
853,COc1ccccc1-n1c(C)nnc1SCC(=O)N1CCCC1c1ccc(F)cc1F,0.5302624556164841
854,O=C(c1c[nH]c2ccc(C(F)(F)F)cc2c1=O)N1CCn2c(Cc3ccccc3)nnc2C1,0.5156056693676028
855,CC1CCCc2nc(-c3ccc(F)cc3C(=O)[O-])[nH]c21.[Li+],0.7191839831939281
856,N#Cc1cccc(-c2noc(-c3cnc(C4CC4)nc3)n2)c1,0.7361271746442968
857,COc1nc(C)ncc1C(=O)N1C2CCC1C(NC(=O)C1CC=CCC1)C2,0.819851734818399
858,CN(C)C(=O)N1CCC(NCC(O)(c2ccccc2)C(F)(F)F)CC1,0.8664112961924634
859,CNC(=O)C(NC(=O)CSc1nnc(-c2ccc(OC)cc2)o1)c1ccccc1,0.5474280426598941
860,Cc1ccc2nc(C3CCCN3C(=O)Nc3ccc4c(C)n(C)nc4c3)[nH]c2c1,0.5329267057024591
861,Cc1cc(C(=O)OC2CCN(c3ccc(F)c(Cl)c3)C2=O)ccc1NC(=O)CC(C)C,0.6504197955428463
862,CN1CCC(N2CCN(C(C(=O)O)c3ccc(F)cc3C(F)(F)F)CC2)CC1,0.7837735785668936
863,O=C1CC(C(=O)N(CCO)CCNC(=O)C2CC2C(F)F)CCN1,0.5434165912357587
864,CC(NC(=O)NCC1CCCC(C)(C)C1)C(=O)NCc1ccccc1,0.7408035499492612
865,COCCC(C)NC(=O)Nc1ccc(C(=O)N(C)C2CCCCC2)c(Cl)c1,0.722904182540474
866,Cc1cnccc1C(=O)N1CCOCC1CNC(=O)CC(C)(C)C,0.9116441959682048
867,CC(C)N1CCC(C(=O)N2CCCCC2C2CN=C(O)C2)C1,0.8682475621858465
868,CCn1cc(C(=O)NC2CN(C(=O)CC3CCCC3)CCC2C)nn1,0.881303982051169
869,CCOC(=O)c1sc(N)c(C#N)c1CSc1nnnn1C1CC1,0.6201637757910742
870,O=C(O)C1C2CCC(CC2)C1C(O)=NC1CC1,0.583888150261978
871,COc1nc(-c2cc(F)ccc2OCC2CCOC2)n[nH]c1=NS(=O)(=O)C1CC1C#N,0.6645521911662526
872,Cn1c(C(=O)N2CC3COCC(C2)C3NC(=O)C2CCC(=O)N2)cc2c1-c1ncccc1OC2,0.6808807160580722
873,CN(C)C(=O)Nc1cccc(CNc2ncnc(C(F)(F)F)c2Br)c1,0.7889538216032943
874,CC1CCCc2nnc(-c3ccc(Br)cc3)n2C1,0.8044262457107537
875,COC(=O)C1CCC(C(=O)N2CCOC3(COCCN(C(=O)c4cc(C)nn4C)C3)C2)C1,0.6163834108275965
876,O=C(c1cc(Cl)c[nH]1)N1CC2CC1CN2C(=O)C1CCCCO1,0.892281102296542
877,COc1ccc(C2CCN(C(=O)C(=O)Nc3ccc(-n4nc(C)cc4C)nc3)C2)cc1,0.6571154801628013
878,N#Cc1cc(F)cnc1N1CCN(c2noc3ccccc23)CC1,0.7217737077282115
879,Cc1cnccc1COC(=O)CCNC(=O)CC(C)C,0.7743976945918222
880,CN1CCC(C2CN(Cc3ccco3)CCN2)CC1,0.8930073415756798
881,CCn1cc(-c2noc(C(F)(F)C(F)F)n2)c(=O)[nH]c1=O,0.8491957578786067
882,Cc1cc(C(=O)NC(CNC(=O)c2occ3c2CCC3)C2CC2)co1,0.845004042748238
883,CC(C)N1CCCC(N(C)c2cccc(F)c2)C1=O,0.8376716702591384
884,CC(NC(=O)C(=O)N(C)C(C)c1ccco1)c1ccccc1Oc1ccccc1,0.628497937562315
885,CNC(=O)c1ccc(OC)c(NC(=O)NCc2[nH]ncc2Br)c1,0.6331445920661539
886,COCCC(C)NC(=O)CNS(=O)(=O)c1c[nH]c2ncccc12,0.6429413546573293
887,Cc1ccc2c(c1)CN(C(=O)C(C)c1ccc(C)o1)CCO2,0.8530468223328298
888,O=C1CC(C(=O)NC2C3CN(c4cc(Cl)c(=O)[nH]n4)CC32)CCN1,0.6802987077517896
889,O=C(c1cc(-c2ccncc2)n[nH]1)N1CCC(OC2CCN(C(=O)C3(F)CC3)CC2)CC1,0.7702065157162346
890,CC1CCCc2nc(S(=O)(=O)N3CCOC4(CCOCC4)C3)cn21,0.8005963716359868
891,CN(C)C(=O)C1CCN(C(=O)Nc2cccc(N3CCCNC3=O)c2)C1,0.8586276513452495
892,O=C(O)C1CC(=O)N(c2ccccc2)N1c1ccc(Oc2ccnnc2)cc1,0.7313087604982131
893,COc1nc(C)ccc1C(=O)N1CCCCC1C1CCN(C(=O)Cc2cc(C)[nH]n2)CC1,0.7735096990449826
894,Cn1c(C(=O)OCC2(C)COC(=O)N2)cccc1=O,0.7805218763327483
895,CCOC(=O)C(CC1CCCO1)NC(=O)c1c[nH]n2c(=O)ccnc12,0.7234935689106742
896,Cc1cncc(CNC(=O)c2ccccc2-c2nc(C(C)C)no2)c1,0.7711074767769867
897,COc1ccc(C2(C(=O)N3CCN(C4=CC5=NC(C(C)C)CC(C(F)(F)F)N5N4)CC3)CC2)cc1,0.6852618682789593
898,CCn1cc(C(=O)NC2CN(C(=O)c3nccc(C)n3)CC2O)c(C)n1,0.7906539414886818
899,N#Cc1cc(C(=O)N2CCC3(C2)CN(C(=O)C2CC=CCC2)CCO3)cc(C(F)(F)F)c1,0.6519442668144784
900,Cc1cc(C)nc(NC(=O)C2(Cc3ccccc3Br)CC2)c1,0.8780120433448547
901,CC(C)N1CCC(NC(=O)c2cccc3cn[nH]c23)C1=O,0.8924700519365929
902,Cc1ccc2[nH]c(C(=O)N3CCCCC3C3CCCCC3O)c(Cl)c2c1C,0.761387929840955
903,COC(=O)Cc1cc(=O)n(Cc2ccccc2)[nH]1,0.8164797326569005
904,CC(NC(=O)Nc1cc(F)ccc1N(C)C)C(F)(F)F,0.8415489183748411
905,COCCC(C)S(=O)(=O)NCC1CCOC(C)C1,0.7589538200196048
906,CNC(=O)C1CN(C(=O)CNC(=O)CC2CCCCC2)CCO1,0.7473576435452529
907,CN(C)C(=O)c1cccc(Oc2ncnc3ccc(S(C)(=O)=O)cc23)c1,0.7000451722216267
908,CC1CCCc2nc(S(=O)(=O)NCC(c3ccc(F)cc3)N(C)C)cn21,0.8361653927236984
909,O=C(c1cc(C(F)(F)F)[nH]n1)N(Cc1ccccc1)c1ccc(Cl)cc1,0.6984375811037654
910,COc1nc(C)cc(C)c1CNC(=O)Nc1ccc(F)cn1,0.9099192603141446
911,O=C(O)C(Cc1c[nH]c2ccccc12)NCCc1ccc(F)cc1F,0.6162612493558015
912,Cc1cc(C(=O)NCC2CC(C)N(C(=O)C3=CCCC3)C2)c(C)n1C,0.913794684809755
913,Cn1c(C(=O)N2CCC(CNC(=O)C3CNC(=O)C3)C2c2cccnc2)cc2ccccc21,0.628162111729308
914,CC(C)N1C(=O)c2ccc(C(=O)N=c3cc(CC4CCCCC4)[nH][nH]3)cc2S1(=O)=O,0.7757791316286266
915,CCn1cc(C(=O)N2CCC(C(F)(F)F)(C(F)(F)F)C2)c(=O)c2cc(Cl)ccc21,0.6389085031183666
916,Cc1cncc(-c2noc(-c3cc4ccccc4n(C(C)C)c3=O)n2)c1,0.5603583718743321
917,CCOC(=O)C=C1SCC(=O)N1CCN1CCCC(C(F)(F)F)C1C(F)(F)F,0.3780954565760366
918,COc1ccccc1C=NOCCOc1cccc(C#N)c1,0.44742023974747125
919,CN1CCC(Nc2ccc3nc(O)nc(O)c3c2)CC1.CS(=O)(=O)O,0.5717840229838927
920,Cc1ccc2[nH]c(C(=O)NCC(C)NC(=O)C3CCC(=O)N3)cc2c1C,0.6490881465853564
921,N#Cc1ccc(OCc2ccc(C(=O)NOC3CCCC3)o2)cc1,0.8230614582632606
922,COC(=O)CN(Cc1ccc(C(F)(F)F)cc1)C(=O)c1cccc(NC(=O)C2CCCCC2)c1,0.568446588099682
923,CC(NC(=O)CNC(=O)C1CCCN1C(=O)OC(C)(C)C)c1cc[nH]c(=O)c1,0.6921210625973359
924,COCCC(CO)NC(=O)C(NC(=O)OC(C)(C)C)c1c(F)cccc1F,0.6333475655477736
925,CNC(=O)c1ccc(CSCC(O)COc2c(OC)cccc2OC)cc1,0.6485628288159887
926,CC1CCCc2ccccc2C1NC(O)=NC1CCC(CO)CC1,0.4491002430634421
927,COc1nc(S(=O)(=O)N2CCc3oc(C)nc3C2)ccc1F,0.8438434684681615
928,Cc1cc(C)c2sccc2c1NS(=O)(=O)c1cn[nH]c1,0.7806869191208948
929,CN(C)C(=O)c1ccc(S(=O)(=O)NC2CCOCC2O)cc1,0.7990244887126308
930,O=C(c1cnn(C2CCCCC2)c1)N1CCN(S(=O)(=O)C2CC2)CC1,0.8117347885825326
931,CC(C)N1C(=O)OCc2ccc(N3C(=O)OCC3C)cc21,0.8399872674648233
932,CCn1cc(CN2CCN(C(c3ccccc3)c3ccccc3)CC2)c(C)n1,0.6486633742137392
933,O=C(O)C1CCC(C(=O)N2CCCC(O)C2)O1,0.6889001484198616
934,Cn1c(C(=O)N2CCC(OC3CCN(C(=O)COc4ccccc4C#N)CC3)CC2)cccc1=O,0.6285562093807632
935,Cc1cnccc1OC1CCN(S(=O)(=O)c2ccc(F)c(Br)c2)C1,0.7702242417400926
936,N#Cc1ccc(CN2CCC(NC(=O)NCCSCC(F)(F)F)C2=O)cc1,0.6878536266386738
937,Cc1ccc2cc(C(=O)Nc3ncnc4c3c(C)c(C)n4CC3CCCO3)[nH]c2c1,0.5329078951720545
938,COc1nc(C(F)(F)F)nc(C)c1CCC(=O)O,0.8977014630947413
939,CC(NC(=O)COC1CCCN(C(=O)OC(C)(C)C)C1)c1noc(C(F)(F)F)n1,0.7774371177357131
940,CN1CCC(O)=Nc2c1c(=O)n(C)c(=O)n2-c1ccc(Oc2ccccc2)cc1,0.7403908036299252
941,COc1ccc(C)cc1NC(=O)COC(=O)c1csc(-c2c(F)cccc2F)n1,0.6073486114829457
942,Cc1cc(CN=C(O)N2CCN(C(C)C(O)=NC3CC3)CC2)ccc1F,0.6239993108866482
943,O=C(c1ccccc1)N1CCCC(C(=O)N2CCS(=O)(=O)c3ccccc3C2)C1,0.7589580599462193
944,CN(C)C(=O)COc1ccccc1C(F)(F)C(=O)N1CCOC(c2cccc(C#N)c2)C1,0.6857567571132036
945,COCCC(C)NC(=O)NC1CCCN(C(C)c2ccc(F)cc2)C1=O,0.7802572780187496
946,CNC(=O)CC(C)NC(=O)Cc1csc(Cc2ccc(F)cc2)n1,0.8036930200121071
947,CC(C)N1CCC(C(=O)N2CCN(c3ccccn3)CC2)C1=O,0.7804253414801717
948,COC(=O)C(OCCCC1OCCO1)c1cccc(Cl)c1Cl,0.5580259617716492
949,CCOC(=O)N1CCCC(C(C)NC(=O)COCC(C)c2ccccc2)C1,0.7566080977245611
950,O=C1CC(C(=O)N2CCN(C(=O)c3cccn4ccnc34)CC2)CCN1,0.8304740789577157
951,CC1CCCc2nc(S(=O)(=O)NCC=CCl)cn21,0.9193095712585061
952,CCn1cc(NS(=O)(=O)CCCS(=O)(=O)N2CC(O)CC2C)c(C)n1,0.646198779552418
953,Cc1cncc(NC(=O)c2sc(Cc3ccc(F)cc3)nc2C)c1,0.7758990247745309
954,O=C(O)C1CC2CCCCC2N1C(=O)COc1ccc(Br)cc1F,0.8432216238335729
955,COc1nc(C)ncc1C(=O)NCC(c1ccccc1)C(C)(C)CO,0.8059050149049871
956,Cn1c(C(=O)Nc2ccc(-n3ncc4c(N5CCN(C(=O)C6CC6)CC5)ncnc43)cc2)cccc1=O,0.4459577417617353
957,CC(NC(=O)c1nn(-c2cccc(Cl)c2)cc1O)c1csnn1,0.7547344027484966
958,N#Cc1cc(Cl)c(N2CC3OCC(=O)N(c4cccc(F)c4)C3C2)nc1C(F)(F)F,0.6695792299990555
959,CN1CCC(CN(C)C(O)=NCCCC2CCCC2)CC1,0.4646790930544029
960,O=C(c1cn(-c2cccc([N+](=O)[O-])c2)nn1)N1CCN(c2ccc(F)cc2F)CC1,0.48048694096927175
961,COCCC(CO)NC(=O)NC(c1nc(C)no1)C1CCOCC1,0.6307416373650747
962,CNC(=O)c1cc(Nc2cc(C(=O)NCc3cccnc3)ccc2Cl)ccc1F,0.5729284957289823
963,CC(C)N1CC(C(=O)Nc2ccc(CN3CCCCC3)cc2)CC1=O,0.8943195964436651
964,Cc1cc(C)cc(C(=O)NC(C)c2ccc(S(=O)(=O)N(C)C)cc2)c1,0.8911090511471647
965,COc1cccc(CNC(=O)CNC(=O)C(c2ccccc2)C2CCCCC2)c1,0.7157741728657977
966,CN(C)C(=O)C1=NOC2CN(C(=O)CC3CCN(CC(F)(F)F)CC3)CC12,0.7171729099729995
967,O=C1CC(C2CCN(C(=O)NCC3CCC4(CCCC4)O3)CC2)CN1,0.8190059292354827
968,CCOC(=O)C1CCC(Oc2nc(=O)[nH]c3[nH]ccc23)CO1,0.806963545584017
969,Cc1cnccc1CNC(=O)Nc1cccc(N2CCCCC2=O)c1,0.8986482180010449
970,O=C(O)C1COCCN1C(=O)CCSc1ccccc1,0.8335016627801839
971,COc1nc(NCc2cn(C)c3ccccc23)nc(N2CCn3ccnc3C2)n1,0.5590183216502492
972,CCn1cc(CN(C)C(=O)C(=O)NC2CCC(C)C(C)C2)cn1,0.8603478712203497
973,COC(=O)c1ccccc1-n1ncc(NC2COc3c(cccc3OC)C2)c(Cl)c1=O,0.6080515914900226
974,Cc1cc(C)cc(CNC(=O)NC(CO)c2ccc(C(F)(F)F)cc2)c1,0.7526280010755942
975,CC(NC(=O)CC(N)=O)C1CCN(C(=O)c2ccncn2)C1,0.6986155238469437
976,CC(C)N1CCN(C(=O)COc2ccc(C(N)=S)cc2)CC1=O,0.8049263958774239
977,N#Cc1ccc(NC(=O)CN2CCOC3CCCCC32)cc1Cl,0.923365082637317
978,N#Cc1cc(F)cnc1NC(CO)C(O)c1ccc(Br)cc1,0.7561621539913749
979,N#Cc1cccc(-c2noc(-c3nc(-c4ccccc4)cs3)n2)c1F,0.5432432855286716
980,N#Cc1cc(C(=O)N2CCC(CCNC(=O)c3ccns3)C2)c[nH]1,0.8610531773261092
981,COc1ccc(Cn2c(C3CCCCO3)nnc2N2CCC(CCCO)CC2)cc1OC,0.6330540479640937
982,CN(C)C(=O)N1CCC(C(=O)Nc2ccc3[nH][nH]c(=O)c3c2)CC1,0.7701437966788475
983,Cn1c(C(=O)NCC23CCCOC2CCN(C(=O)c2cc4n(n2)CCCO4)C3)cc2ccccc21,0.6239382206078492
984,COCCC(C)S(=O)(=O)N1CCCC(c2cccnc2)C1,0.8060921942062538
985,Cc1cnccc1OC1CCCN(C(=O)C2Cc3cc(O)ccc3CN2C(=O)OC(C)(C)C)C1,0.7377424645425198
986,O=C1CC(C(=O)N2CCC(OCC3CCCC3)CC2)c2ccccc2N1,0.9003422717277408
987,O=C(NC1CC(=O)N(C2CC2c2ccccc2)C1)N1CCOC2CCCC21,0.8876512704782823
988,O=C(c1cccc(C2OCCO2)c1)N1CCC2(C=Cc3ccccc3O2)CC1,0.7984957196725361
989,CNC(=O)c1cccc(NC(=O)N2CCCC(C)(C(=O)OC)C2)c1Br,0.7476837704587018
990,CCn1cc(N(Cc2ccnc3c(C(=O)OC)cccc23)CC(C)C)cn1,0.5936246438395916
991,CN1CCC(CN=C(O)C2COCC2N)C1c1ccc(Cl)c(F)c1.Cl.Cl.Cl,0.5263242821706778
992,O=C(O)C1CC=CC2CC(O)CC21,0.595446780979358
993,CCOC(=O)N(C)C1CCN(c2nnc(-c3ccc(C#N)cc3)n2Cc2ccco2)CC1,0.5850474495521493
994,N#Cc1ccc(OCc2cccc(C(=O)N3CCN(c4cc(Cl)ccc4Cl)CC3)c2)cc1,0.5050216488787685
995,COc1nc(NCc2cn(C(C)C)cn2)cc2cccnc12,0.7838902007109868
996,CC(C)N1CCCC(N(C)CC(C)(C)O)C1=O,0.8023021917003573
997,Cc1cc(C(=O)OC2COc3cc(Cl)ccc32)oc1C,0.7891336613442729
998,O=C1CC(C(=O)NC2(c3ccc(F)cc3)CCCC2)c2ccc(F)cc2N1,0.8587515726200801
999,CC(NC(=O)Nc1cccc(OCC#N)c1)C(OC1CCOCC1)c1ccccc1,0.6865220858949375
1000,CN(C)C(=O)C1CCN(C(=O)C(CO)c2ccc(F)cc2)Cc2ccnn21,0.8711660779776067
