rv,smi,cur_sentence,elapsed_time,seed
12.1,O=C(NCC1OCCc2ccccc21)NCC1CC2c3ccccc3C1c1ccccc12,[BOS]O=C(NC[C@H]1OCCc2ccccc21)NC[C@H]1CC2c3ccccc3C1c1ccccc12[EOS],4674.192698478699,42
11.3,O=C(NC1CC2CCC(C1)N2C(=O)c1cc(O)ccc1F)c1ccc2[nH]ncc2c1,[BOS]O=C(N[C@H]1C[C@H]2CC[C@@H](C1)N2C(=O)c1cc(O)ccc1F)c1ccc2[nH]ncc2c1[EOS][EOS][EOS][EOS][EOS],9059.34347486496,42
13.3,Cc1ccc(C(=O)N2CCCCC2C2CCN(C(=O)c3ccc4n[nH]c(C(F)(F)F)c4c3)CC2)c(O)c1,[BOS]Cc1ccc(C(=O)N2CCCC[C@@H]2C2CCN(C(=O)c3ccc4n[nH]c(C(F)(F)F)c4c3)CC2)c(O)c1[EOS],5031.068078994751,42
12.0,O=C(NC1CCc2nnnn2CC1)NC(c1cccc(C(F)(F)F)c1)C1CCCCC1,[BOS]O=C(N[C@H]1CCc2nnnn2CC1)N[C@@H](c1cccc(C(F)(F)F)c1)C1CCCCC1[EOS],9408.165722370148,42
11.4,CNC(=O)c1cccc(NC(=O)N2CCc3ccc(F)cc3C(C)C2)c1C,[BOS]CNC(=O)c1cccc(NC(=O)N2CCc3ccc(F)cc3[C@H](C)C2)c1C[EOS],3913.1058371067047,42
11.4,CC1C(c2ccccc2)CCN1c1cnn(-c2cccc(C(F)(F)F)c2)c(=O)c1Cl,[BOS]C[C@H]1[C@H](c2ccccc2)CCN1c1cnn(-c2cccc(C(F)(F)F)c2)c(=O)c1Cl[EOS],7673.33673620224,42
12.7,Cc1cccc(C(=O)NCC2OCC3CCN(C(=O)c4cccnc4-c4ccc(F)cc4)CC32)c1F,[BOS]Cc1cccc(C(=O)NC[C@@H]2OC[C@@H]3CCN(C(=O)c4cccnc4-c4ccc(F)cc4)C[C@@H]32)c1F[EOS],5691.389994382858,42
12.2,COCc1oncc1C(=O)N1CCC2COC(CNC(=O)c3cnnc4ccccc34)C2C1,[BOS]COCc1oncc1C(=O)N1CC[C@H]2CO[C@@H](CNC(=O)c3cnnc4ccccc34)[C@H]2C1[EOS],10634.09179854393,42
12.3,Cc1cc(C)c2c(c1)N(C(=O)C1CCCN(C(=O)c3ccc4[nH]ncc4c3)C1)CCC2,[BOS]Cc1cc(C)c2c(c1)N(C(=O)[C@@H]1CCCN(C(=O)c3ccc4[nH]ncc4c3)C1)CCC2[EOS],3763.3847522735596,42
13.4,O=C(NCC12CCCOC1CCN(C(=O)c1n[nH]c3ccccc13)C2)c1cccc2c1CCCC2,[BOS]O=C(NC[C@@]12CCCO[C@@H]1CCN(C(=O)c1n[nH]c3ccccc13)C2)c1cccc2c1CCCC2[EOS],9473.290921211243,42
12.4,CC1CC(=O)Nc2ccc(C(=O)N3CCC(c4c[nH]c5cc(F)ccc45)CC3)cc2N1,[BOS]C[C@H]1CC(=O)Nc2ccc(C(=O)N3CCC(c4c[nH]c5cc(F)ccc45)CC3)cc2N1[EOS],3950.0432596206665,42
12.8,Cc1cc(F)c(C(=O)NCC23CCCOC2CCN(C(=O)c2ccc4c(c2)CCCC4=O)C3)cc1F,[BOS]Cc1cc(F)c(C(=O)NC[C@@]23CCCO[C@@H]2CCN(C(=O)c2ccc4c(c2)CCCC4=O)C3)cc1F[EOS],9618.633544921875,42
12.7,Cc1ccc(C)c(C(=O)c2ccccc2C(=O)Nc2ccc3c(c2)N(C(N)=O)CC3)c1,[BOS]Cc1ccc(C)c(C(=O)c2ccccc2C(=O)Nc2ccc3c(c2)N(C(N)=O)CC3)c1[EOS],4711.994012355804,42
11.5,CC(=O)Nc1cccc(CC(=O)N2C(c3nc4ccccc4[nH]3)CC3CCCCC32)n1,[BOS]CC(=O)Nc1cccc(CC(=O)N2[C@@H](c3nc4ccccc4[nH]3)C[C@@H]3CCCC[C@@H]32)n1[EOS],9158.708525657654,42
12.4,O=C(c1cnc2snnc2c1)N1CCCCC1c1cc(NC(=O)C2(F)CCCC=C2F)n[nH]1,[BOS]O=C(c1cnc2snnc2c1)N1CCCC[C@@H]1c1cc(NC(=O)[C@]2(F)CCCC=C2F)n[nH]1[EOS],4760.932394504547,42
13.1,O=C(c1noc2c1CCCC2)N1CCOC2(CCN(C(=O)c3[nH]nc4c(Cl)cccc34)C2)C1,[BOS]O=C(c1noc2c1CCCC2)N1CCO[C@@]2(CCN(C(=O)c3[nH]nc4c(Cl)cccc34)C2)C1[EOS],8924.383449077606,42
12.5,Cc1ccccc1-c1nccc(N2CCN(c3ncc4n(c3=O)CCCC4)C(C)(C)C2)n1,[BOS]Cc1ccccc1-c1nccc(N2CCN(c3ncc4n(c3=O)CCCC4)C(C)(C)C2)n1[EOS],4807.624494314194,42
13.1,O=C(CCc1cnc2ccccc2c1)N1CCOC2(CCN(C(=O)C3CCc4ccccc4C3)C2)C1,[BOS]O=C(CCc1cnc2ccccc2c1)N1CCO[C@]2(CCN(C(=O)[C@@H]3CCc4ccccc4C3)C2)C1[EOS],9899.772734165192,42
11.8,Cc1cc(C)cc(C2CCN(C(=O)C3CCc4nc(C)nc(C(F)(F)F)c4C3)C2)c1,[BOS]Cc1cc(C)cc([C@H]2CCN(C(=O)[C@H]3CCc4nc(C)nc(C(F)(F)F)c4C3)C2)c1[EOS],3904.095918893814,42
12.8,O=C(NCC1OCC2CCN(C(=O)C3CCc4ccccc4C3O)CC21)c1cccc2c1OCCO2,[BOS]O=C(NC[C@@H]1OC[C@@H]2CCN(C(=O)[C@@H]3CCc4ccccc4[C@@H]3O)C[C@@H]21)c1cccc2c1OCCO2[EOS],9450.703335523605,42
12.0,CC(C)C(C(=O)NCC1CCN(C(=O)c2ccnn2C)C1c1cccnc1)N1Cc2ccccc2C1=O,[BOS]CC(C)[C@@H](C(=O)NC[C@@H]1CCN(C(=O)c2ccnn2C)[C@@H]1c1cccnc1)N1Cc2ccccc2C1=O[EOS][EOS][EOS],5663.484040737152,42
11.9,Cc1cccc(C2=CCN(C(=O)NC3CCCN(C(=O)N4CCCC4)C3)CC2)c1C,[BOS]Cc1cccc(C2=CCN(C(=O)N[C@H]3CCCN(C(=O)N4CCCC4)C3)CC2)c1C[EOS],9431.028185844421,42
11.8,Cc1n[nH]c(C)c1C(=O)NCC12CCCOC1CCN(C(=O)c1cccc(-c3cnccn3)c1)C2,[BOS]Cc1n[nH]c(C)c1C(=O)NC[C@@]12CCCO[C@@H]1CCN(C(=O)c1cccc(-c3cnccn3)c1)C2[EOS],5431.996803045273,42
12.8,O=C(NCC1OCC2CCN(C(=O)c3ccncc3-c3ccccc3)CC21)c1n[nH]c2c1CCCC2,[BOS]O=C(NC[C@@H]1OC[C@@H]2CCN(C(=O)c3ccncc3-c3ccccc3)C[C@@H]21)c1n[nH]c2c1CCCC2[EOS],10742.462939023972,42
12.8,CN1N=C(C(=O)N2CCCCC2C2CCN(C(=O)C3CC34C(=O)Nc3ccccc34)CC2)CCC1=O,[BOS]CN1N=C(C(=O)N2CCCC[C@H]2C2CCN(C(=O)[C@@H]3C[C@]34C(=O)Nc3ccccc34)CC2)CCC1=O[EOS][EOS][EOS][EOS][EOS][EOS][EOS][EOS],5355.964443445206,42
11.7,Cc1cccc(N2N=C(C(=O)N3CC(C)OC(c4cccc(C(F)(F)F)c4)C3)CCC2=O)c1,[BOS]Cc1cccc(N2N=C(C(=O)N3C[C@H](c4cccc(C(F)(F)F)c4)O[C@@H](C)C3)CCC2=O)c1[EOS],9470.786119937897,42
12.2,O=C(c1cccc2[nH]cnc12)N1CCC(C2CCCCN2C(=O)C2COc3ccccc3O2)CC1,[BOS]O=C(c1cccc2[nH]cnc12)N1CCC([C@H]2CCCCN2C(=O)[C@H]2COc3ccccc3O2)CC1[EOS][EOS][EOS][EOS][EOS][EOS][EOS][EOS],4436.445559501648,42
12.1,Cn1c(=O)ccc2ccc(Nc3cnn(-c4ccc(C(F)(F)F)cn4)c(=O)c3Cl)cc21,[BOS]Cn1c(=O)ccc2ccc(Nc3cnn(-c4ccc(C(F)(F)F)cn4)c(=O)c3Cl)cc21[EOS][EOS][EOS][EOS][EOS][EOS][EOS],8523.629887580872,42
12.2,O=C(NCC1CCC2(CCOCC2)C1O)c1cnn2c1[nH]c(=O)c1ccccc12,[BOS]O=C(NC[C@H]1CCC2(CCOCC2)[C@H]1O)c1cnn2c1[nH]c(=O)c1ccccc12[EOS],4766.266779184341,42
12.3,CC(C(=O)N1CCOCC2(CN(C(=O)Cc3cccc(C(F)(F)F)c3)CCO2)C1)n1ccccc1=O,[BOS]C[C@@H](C(=O)N1CCOC[C@]2(CN(C(=O)Cc3cccc(C(F)(F)F)c3)CCO2)C1)n1ccccc1=O[EOS],9564.250434875488,42
11.9,NC(=O)c1cc(CNC(=O)N2CCCCC2c2nc3ccc(Cl)cc3[nH]2)n2c1CCCC2,[BOS]NC(=O)c1cc(CNC(=O)N2CCCC[C@H]2c2nc3ccc(Cl)cc3[nH]2)n2c1CCCC2[EOS],4491.4415028095245,42
12.0,CC(=O)N1CCc2c(NC(=O)N3CCCc4cc(S(=O)(=O)N(C)C)ccc43)cccc21,[BOS]CC(=O)N1CCc2c(NC(=O)N3CCCc4cc(S(=O)(=O)N(C)C)ccc43)cccc21[EOS][EOS][EOS][EOS][EOS][EOS],8262.665218353271,42
13.5,CC1(C(=O)NCc2cncc3ccccc23)CC(F)(F)CN1C(=O)Nc1cc(F)cc2c1OCOC2,[BOS]C[C@]1(C(=O)NCc2cncc3ccccc23)CC(F)(F)CN1C(=O)Nc1cc(F)cc2c1OCOC2[EOS],5206.084225654602,42
12.7,Cc1ccc2[nH]c(C(=O)NCC3OCC4CCN(C(=O)C5CCc6ccccc65)CC43)cc2c1,[BOS]Cc1ccc2[nH]c(C(=O)NC[C@@H]3OC[C@@H]4CCN(C(=O)[C@@H]5CCc6ccccc65)C[C@@H]43)cc2c1[EOS],10211.253777742386,42
13.0,CN(C)c1ccc(C(=O)NC2CC3CCC(C2)N3C(=O)C2=Cc3ccccc3NC(=O)C2)c2ccccc12,[BOS]CN(C)c1ccc(C(=O)N[C@H]2C[C@H]3CC[C@@H](C2)N3C(=O)C2=Cc3ccccc3NC(=O)C2)c2ccccc12[EOS],5113.601885557175,42
12.1,CC1Oc2ccc(C(=O)N3CCCCC3C3CCN(C(=O)c4cc(F)cn4C)CC3)cc2NC1=O,[BOS]C[C@@H]1Oc2ccc(C(=O)N3CCCC[C@H]3C3CCN(C(=O)c4cc(F)cn4C)CC3)cc2NC1=O[EOS][EOS][EOS][EOS][EOS],9021.25502872467,42
13.1,O=C(c1cc2cc(F)ccc2[nH]1)N1CCOCC2(C1)CN(C(=O)c1n[nH]c3c1CCCC3)CCO2,[BOS]O=C(c1cc2cc(F)ccc2[nH]1)N1CCOC[C@@]2(C1)CN(C(=O)c1n[nH]c3c1CCCC3)CCO2[EOS],4211.112953424454,42
12.3,O=C(c1cc2ncsc2[nH]1)N1CCOC2(CCN(C(=O)C3Cc4n[nH]c(C(F)(F)F)c4C3)C2)C1,[BOS]O=C(c1cc2ncsc2[nH]1)N1CCO[C@@]2(CCN(C(=O)[C@@H]3Cc4n[nH]c(C(F)(F)F)c4C3)C2)C1[EOS],8464.199060440063,42
12.0,CCc1ccnc(C(=O)NCC2OCC3CCN(C(=O)c4ccc5c(Cl)ccnc5c4)CC32)c1,[BOS]CCc1ccnc(C(=O)NC[C@@H]2OC[C@@H]3CCN(C(=O)c4ccc5c(Cl)ccnc5c4)C[C@@H]32)c1[EOS][EOS][EOS][EOS][EOS][EOS][EOS],4753.367204904556,42
12.9,Cc1cccc2cc(C(=O)NCC34CCCOC3CCN(C(=O)c3ccc5c(c3)NC(=O)CC5)C4)[nH]c12,[BOS]Cc1cccc2cc(C(=O)NC[C@@]34CCCO[C@@H]3CCN(C(=O)c3ccc5c(c3)NC(=O)CC5)C4)[nH]c12[EOS],10333.514291763306,42
13.7,NC(=O)N1CCCc2ccc(NC(=O)c3cc(C(F)C45CCC(CC4)CC5)cc(N4CCCC4=O)c3)nc21,[BOS]NC(=O)N1CCCc2ccc(NC(=O)c3cc(N4CCCC4=O)cc(C(F)C45CCC(CC4)CC5)c3)nc21[EOS],4444.443458557129,42
12.4,Cc1nccc(C(=O)N2CCOC3(CCN(C(=O)c4cc5cc(F)c(F)cc5[nH]4)C3)C2)n1,[BOS]Cc1nccc(C(=O)N2CCO[C@@]3(CCN(C(=O)c4cc5cc(F)c(F)cc5[nH]4)C3)C2)n1[EOS],8361.768225431442,42
12.0,CC(C)c1ccc2c(c1)CCCN2CC(=O)N1CCN(C(=O)C2COc3ccccc3O2)CC1,[BOS]CC(C)c1ccc2c(c1)CCCN2CC(=O)N1CCN(C(=O)[C@H]2COc3ccccc3O2)CC1[EOS],4878.345599651337,42
12.7,Cc1noc(C2CCN(C(=O)CC3C(=O)Nc4c3ccc3ccccc43)C2)c1C(C)C(=O)N1CCOCC1C,[BOS]Cc1noc(C2CCN(C(=O)C[C@@H]3C(=O)Nc4c3ccc3ccccc43)C2)c1[C@H](C)C(=O)N1CCOC[C@@H]1C[EOS],9457.166180849075,42
12.2,Cc1ccc(-c2noc(C3CCc4ccccc4C3O)n2)c2ccccc12,[BOS]Cc1ccc(-c2noc([C@@H]3CCc4ccccc4[C@@H]3O)n2)c2ccccc12[EOS],3798.660583257675,42
13.4,O=C(NCC1OCC2CCN(C(=O)CC3CNc4ccccc4O3)CC21)c1cnnc2ccccc12,[BOS]O=C(NC[C@@H]1OC[C@@H]2CCN(C(=O)C[C@H]3CNc4ccccc4O3)C[C@@H]21)c1cnnc2ccccc12[EOS],9764.436406850815,42
12.5,O=C1NCCc2c(NC(=O)C3CCCN(C(=O)c4cccc5ccccc45)C3)cccc21,[BOS]O=C1NCCc2c(NC(=O)[C@H]3CCCN(C(=O)c4cccc5ccccc45)C3)cccc21[EOS],4081.4478306770325,42
12.5,O=C(NCc1cc2c([nH]c1=O)CCC2)N1CC(c2ccccc2)c2ccccc21,[BOS]O=C(NCc1cc2c([nH]c1=O)CCC2)N1C[C@H](c2ccccc2)c2ccccc21[EOS],8295.746384382248,42
12.3,O=C(c1cc(F)c(C(F)(F)F)cc1F)N1CCN(S(=O)(=O)c2c[nH]c3ncccc23)CC1,[BOS]O=C(c1cc(F)c(C(F)(F)F)cc1F)N1CCN(S(=O)(=O)c2c[nH]c3ncccc23)CC1[EOS],3941.9585316181183,42
11.9,CC1CC(=O)Nc2ccccc2N1C(=O)CN(C)C(=O)Nc1ccc2c(=O)[nH]ccc2c1,[BOS]C[C@H]1CC(=O)Nc2ccccc2N1C(=O)CN(C)C(=O)Nc1ccc2c(=O)[nH]ccc2c1[EOS],8015.2189683914185,42
12.8,O=C(NCc1ccc(C(F)(F)F)nc1)C1Oc2ccccc2C12CCN(C(=O)c1ncon1)CC2,[BOS]O=C(NCc1ccc(C(F)(F)F)nc1)[C@H]1Oc2ccccc2C12CCN(C(=O)c1ncon1)CC2[EOS],5048.14066028595,42
12.5,Cc1cccc(C(=O)NCC2OCC3CCN(C(=O)C4CCc5ccccc5C4O)CC32)c1Cl,[BOS]Cc1cccc(C(=O)NC[C@@H]2OC[C@@H]3CCN(C(=O)[C@@H]4CCc5ccccc5[C@H]4O)C[C@@H]32)c1Cl[EOS],10004.992561101913,42
13.3,NC(=O)C1CN(C(=O)C2CCN(C(=O)c3cccc4ccccc34)CC2)c2ccccc2O1,[BOS]NC(=O)[C@@H]1CN(C(=O)C2CCN(C(=O)c3cccc4ccccc34)CC2)c2ccccc2O1[EOS],4505.80876994133,42
12.6,Cn1c(CC(=O)N2CCCCC2C2CCN(C(=O)C3CCc4ccccc43)CC2)cc2ccccc21,[BOS]Cn1c(CC(=O)N2CCCC[C@@H]2C2CCN(C(=O)[C@H]3CCc4ccccc43)CC2)cc2ccccc21[EOS],10232.498764038086,42
12.7,CCn1nc(C(=O)N2CCCCC2C2CCN(C(=O)c3ccc4n[nH]c(C(F)(F)F)c4c3)CC2)cc1C,[BOS]CCn1nc(C(=O)N2CCCC[C@@H]2C2CCN(C(=O)c3ccc4n[nH]c(C(F)(F)F)c4c3)CC2)cc1C[EOS],5388.812979459763,42
11.9,CN1CC(c2nnc(N3CCC4(CCc5ccccc5C4)CC3)n2C)CC1=O,[BOS]CN1C[C@@H](c2nnc(N3CCC4(CCc5ccccc5C4)CC3)n2C)CC1=O[EOS],8630.654258728027,42
12.3,O=C1CCC(NC(=O)c2ccc3oc4ccccc4c(=O)c3c2)C(c2ccccc2)N1,[BOS]O=C1CC[C@H](NC(=O)c2ccc3oc4ccccc4c(=O)c3c2)[C@H](c2ccccc2)N1[EOS][EOS][EOS],3837.1073105335236,42
12.1,O=C(Nc1ccc(Cl)cn1)C1CCCN(C(=O)c2ccc(-c3ccc(F)cc3)cc2F)C1,[BOS]O=C(Nc1ccc(Cl)cn1)[C@H]1CCCN(C(=O)c2ccc(-c3ccc(F)cc3)cc2F)C1[EOS],8247.207423448563,42
12.0,Cc1ccc(C(NC(=O)N2CCCC2c2c(C)n[nH]c2C)c2cccc(S(C)(=O)=O)c2)c(C)c1,[BOS]Cc1ccc([C@H](NC(=O)N2CCC[C@H]2c2c(C)n[nH]c2C)c2cccc(S(C)(=O)=O)c2)c(C)c1[EOS],4957.753004550934,42
12.4,CC1Oc2ccc(C(=O)C3CCN(C(=O)C(C)Oc4cccc5ccccc45)CC3)cc2NC1=O,[BOS]C[C@H](Oc1cccc2ccccc12)C(=O)N1CCC(C(=O)c2ccc3c(c2)NC(=O)[C@H](C)O3)CC1[EOS],9682.229706764221,42
12.2,CC1CC(NC(=O)N2CC(c3ccccc3)C(C)(C)C2)CC(c2ccccc2)C1,[BOS]C[C@@H]1C[C@H](NC(=O)N2C[C@@H](c3ccccc3)C(C)(C)C2)C[C@@H](c2ccccc2)C1[EOS],3708.919405221939,42
13.0,Cc1cc(F)c(F)c(C(=O)Nc2cc(C3CCCCN3C(=O)C3CC(=O)N(C4CCCC4)C3)[nH]n2)c1,[BOS]Cc1cc(F)c(F)c(C(=O)Nc2cc([C@H]3CCCCN3C(=O)[C@H]3CC(=O)N(C4CCCC4)C3)[nH]n2)c1[EOS][EOS][EOS][EOS][EOS][EOS],8696.504418373108,42
13.8,O=C(c1cc2ccccc2o1)N1CCOCC2(C1)CN(C(=O)c1cccc3c1CCCC3)CCO2,[BOS]O=C(c1cc2ccccc2o1)N1CCOC[C@@]2(C1)CN(C(=O)c1cccc3c1CCCC3)CCO2[EOS],3981.2705113887787,42
13.0,O=C(c1ccc2ncncc2c1)N1CCOCC2(C1)CN(C(=O)C1COc3ccccc3O1)CCO2,[BOS]O=C(c1ccc2ncncc2c1)N1CCOC[C@]2(C1)CN(C(=O)[C@H]1COc3ccccc3O1)CCO2[EOS],8305.959807634354,42
11.7,Cc1nc(-c2cc(NC(=O)C3CC34C(=O)Nc3ccccc34)cc(C(F)(F)F)c2)n[nH]1,[BOS]Cc1nc(-c2cc(NC(=O)[C@@H]3C[C@]34C(=O)Nc3ccccc34)cc(C(F)(F)F)c2)n[nH]1[EOS][EOS][EOS][EOS][EOS],4338.588925600052,42
11.4,CC1COCCC1Cn1c(Cc2ccccc2Cl)nnc1N1CCN(C(=O)C(C)(C)C)CC1,[BOS]C[C@@H]1COCC[C@H]1Cn1c(Cc2ccccc2Cl)nnc1N1CCN(C(=O)C(C)(C)C)CC1[EOS],8938.338019371033,42
13.9,O=C1CC(C(=O)NC2CC3CCC(C2)N3C(=O)c2[nH]nc3c2CCc2ncccc2-3)=Cc2ccccc2N1,[BOS]O=C1CC(C(=O)N[C@H]2C[C@H]3CC[C@@H](C2)N3C(=O)c2[nH]nc3c2CCc2ncccc2-3)=Cc2ccccc2N1[EOS],5511.051862716675,42
12.1,O=C(NC1CCN(C(=O)c2ccccc2O)CC1)C1CC1c1cccc2ccccc12,[BOS]O=C(NC1CCN(C(=O)c2ccccc2O)CC1)[C@H]1C[C@H]1c1cccc2ccccc12[EOS],9969.408227920532,42
11.2,CC(=O)c1cc(C(=O)NCC2OCC3CCN(C(=O)c4ccc(N5CCCOC5=O)cc4)CC32)[nH]n1,[BOS]CC(=O)c1cc(C(=O)NC[C@@H]2OC[C@@H]3CCN(C(=O)c4ccc(N5CCCOC5=O)cc4)C[C@@H]32)[nH]n1[EOS],3726.7699868679047,42
12.5,O=C(c1nn(-c2ccc(F)c(F)c2)c2c1CCC2)N1CCc2ccc(C(F)(F)F)cc2C1,[BOS]O=C(c1nn(-c2ccc(F)c(F)c2)c2c1CCC2)N1CCc2ccc(C(F)(F)F)cc2C1[EOS],7914.382878541946,42
12.7,CC(=O)Nc1cc(C(=O)N2CCC3COC(CNC(=O)c4cccc(-c5ccccc5)n4)C3C2)ccn1,[BOS]CC(=O)Nc1cc(C(=O)N2CC[C@H]3CO[C@@H](CNC(=O)c4cccc(-c5ccccc5)n4)[C@H]3C2)ccn1[EOS],5742.500460386276,42
12.8,Cc1cccc2cc(C(=O)N3CCC4COC(CNC(=O)C5CCc6nc[nH]c6C5)C4C3)[nH]c12,[BOS]Cc1cccc2cc(C(=O)N3CC[C@H]4CO[C@@H](CNC(=O)[C@@H]5CCc6nc[nH]c6C5)[C@H]4C3)[nH]c12[EOS],10621.38447213173,42
12.8,O=C(NC1CCCN(Cc2ccccn2)C1=O)N1Cc2ccccc2-c2ccccc2C1,[BOS]O=C(N[C@@H]1CCCN(Cc2ccccn2)C1=O)N1Cc2ccccc2-c2ccccc2C1[EOS],4805.96573805809,42
12.1,O=C(NC1Cc2ccc(Cl)cc2NC1=O)NC1CCCC1c1ccc(C(F)(F)F)cc1,[BOS]O=C(N[C@@H]1CCC[C@@H]1c1ccc(C(F)(F)F)cc1)N[C@@H]1Cc2ccc(Cl)cc2NC1=O[EOS],9440.681051969528,42
13.7,O=C(c1cnnc2ccccc12)N1CCC(C2CCCCN2C(=O)C2(c3ccc(F)c(F)c3)CC2)CC1,[BOS]O=C(c1cnnc2ccccc12)N1CCC([C@H]2CCCCN2C(=O)C2(c3ccc(F)c(F)c3)CC2)CC1[EOS],5037.344679355621,42
13.4,Cc1cccc(-c2ncccc2C(=O)Nc2cc(C3CCCCN3C(=O)C3(C)CC3(F)F)[nH]n2)c1,[BOS]Cc1cccc(-c2ncccc2C(=O)Nc2cc([C@H]3CCCCN3C(=O)[C@]3(C)CC3(F)F)[nH]n2)c1[EOS][EOS][EOS],10449.906664609909,42
12.3,O=C(NCC1CCN(C(=O)CC2Cc3ccccc3C2)C1c1cccnc1)c1cccc2c1OCCO2,[BOS]O=C(NC[C@@H]1CCN(C(=O)CC2Cc3ccccc3C2)[C@H]1c1cccnc1)c1cccc2c1OCCO2[EOS][EOS][EOS][EOS][EOS][EOS],6122.556581735611,42
12.7,O=C(c1nc(-c2ccc(F)cc2)n2c1CCCCC2)N1CCC2(CCc3ccccc3O2)C1,[BOS]O=C(c1nc(-c2ccc(F)cc2)n2c1CCCCC2)N1CC[C@]2(CCc3ccccc3O2)C1[EOS],9960.107231855392,42
13.6,O=C(c1cc(=O)[nH]c2ccccc12)N1CCOC2(COCCN(C(=O)C3CCc4ccccc4C3)C2)C1,[BOS]O=C(c1cc(=O)[nH]c2ccccc12)N1CCO[C@]2(COCCN(C(=O)[C@H]3CCc4ccccc4C3)C2)C1[EOS],4386.350408315659,42
12.8,Cn1nc(C(=O)N2CC3COCC(C2)C3NC(=O)C2(c3ccc(C(F)(F)F)cc3)CC2)c2c1CCC2,[BOS]Cn1nc(C(=O)N2C[C@H]3COC[C@@H](C2)[C@H]3NC(=O)C2(c3ccc(C(F)(F)F)cc3)CC2)c2c1CCC2[EOS],42
12.3,CCc1ccnc(C(=O)NCC23CCCOC2CCN(C(=O)c2ccc4c(n2)NC(=O)CC4)C3)c1,[BOS]CCc1ccnc(C(=O)NC[C@@]23CCCO[C@@H]2CCN(C(=O)c2ccc4c(n2)NC(=O)CC4)C3)c1[EOS][EOS][EOS],5588.785799264908,42
12.6,CC1(C)CC(=O)c2ccc(-c3noc(C4(c5ccc6c(c5)OCO6)CCC(=O)C4)n3)cc2O1,[BOS]CC1(C)CC(=O)c2ccc(-c3noc(C4(c5ccc6c(c5)OCO6)CCC(=O)C4)n3)cc2O1[EOS],9461.603557348251,42
12.7,O=C(c1ccccc1Oc1ccccc1)N1CCOC2(CCN(C(=O)C3Cc4ccccc4O3)C2)C1,[BOS]O=C(c1ccccc1Oc1ccccc1)N1CCO[C@@]2(CCN(C(=O)[C@@H]3Cc4ccccc4O3)C2)C1[EOS],4849.7010242938995,42
13.9,NC(=O)c1cccc2c1CC(c1ccc(N3CCc4c(Cl)cccc4C3O)nc1)CC2,[BOS]NC(=O)c1cccc2c1CC(-c1ccc(N3CCc4c(Cl)cccc4[C@@H]3O)nc1)CC2[EOS],8834.197486162186,42
11.5,O=C1COc2ncc(-c3nc(-c4ccc5ccccc5c4)no3)cc2N1,[BOS]O=C1COc2ncc(-c3nc(-c4ccc5ccccc5c4)no3)cc2N1[EOS],3444.6458530426025,42
12.3,O=C(CCCc1ccc(C(F)(F)F)cc1)N1CCOC2(COCCN(C(=O)c3cccnc3)C2)C1,[BOS]O=C(CCCc1ccc(C(F)(F)F)cc1)N1CCO[C@]2(COCCN(C(=O)c3cccnc3)C2)C1[EOS][EOS][EOS][EOS],9526.154438495636,42
12.7,O=C(Cn1nnc2ccccc21)N1CCC2(CCCN(C(=O)Cc3ccc4c(c3)CCC4)C2)CC1,[BOS]O=C(Cn1nnc2ccccc21)N1CCC2(CCCN(C(=O)Cc3ccc4c(c3)CCC4)C2)CC1[EOS],4859.360974788666,42
14.1,O=C(NC1CC1c1ccc2ccccc2c1)C(=O)N1CC(C(=O)N2CCCCC2)Oc2ccccc21,[BOS]O=C(N[C@@H]1C[C@H]1c1ccc2ccccc2c1)C(=O)N1C[C@@H](C(=O)N2CCCCC2)Oc2ccccc21[EOS],10352.034609794617,42
11.8,Cc1cccc(CC(=O)NC2C3COCC2CN(C(=O)c2ccc4n[nH]nc4c2)C3)c1,[BOS]Cc1cccc(CC(=O)N[C@H]2[C@@H]3COC[C@H]2CN(C(=O)c2ccc4n[nH]nc4c2)C3)c1[EOS],4945.211386919022,42
12.4,CC1CC(c2ccc(F)cc2)CN1C(=O)CN1C(=O)NC(C)(c2ccc3ccccc3c2)C1=O,[BOS]C[C@@H]1C[C@@H](c2ccc(F)cc2)CN1C(=O)CN1C(=O)N[C@@](C)(c2ccc3ccccc3c2)C1=O[EOS],9464.084503173828,42
13.3,Cc1nc(C(=O)N2CCCCC2C2CCN(C(=O)c3cnnc4ccccc34)CC2)c(C(F)(F)F)o1,[BOS]Cc1nc(C(=O)N2CCCC[C@@H]2C2CCN(C(=O)c3cnnc4ccccc34)CC2)c(C(F)(F)F)o1[EOS],4981.12903046608,42
14.1,O=C1CCCc2cc(C(=O)N3CCCCC3C3CCN(C(=O)c4ccc5c(c4)C(=O)CC5)CC3)ccc21,[BOS]O=C1CCCc2cc(C(=O)N3CCCC[C@@H]3C3CCN(C(=O)c4ccc5c(c4)C(=O)CC5)CC3)ccc21[EOS],10118.601102113724,42
13.5,Cc1ccc(C2(C(=O)N3C4CCC3CC(NC(=O)c3ccc5n[nH]nc5c3)C4)CCCCC2)cc1C,[BOS]Cc1ccc(C2(C(=O)N3[C@@H]4CC[C@H]3C[C@@H](NC(=O)c3ccc5n[nH]nc5c3)C4)CCCCC2)cc1C[EOS],5652.800255537033,42
12.4,O=C(NC1C2Cc3ccccc3C21)C1Cc2ccccc2CN1C(=O)c1ccc(Cl)c(Cl)c1,[BOS]O=C(N[C@@H]1[C@@H]2Cc3ccccc3[C@H]21)[C@H]1Cc2ccccc2CN1C(=O)c1ccc(Cl)c(Cl)c1[EOS],9505.661701917648,42
12.2,CC(NC(=O)N1CCN(c2ccccc2C#N)CC1)c1ccc(F)c2ccccc12,[BOS]C[C@@H](NC(=O)N1CCN(c2ccccc2C#N)CC1)c1ccc(F)c2ccccc12[EOS],4259.896269798279,42
12.7,O=C(c1ncon1)N1CCC(C2CCCCN2C(=O)c2cccnc2-c2ccc(F)c(F)c2)CC1,[BOS]O=C(c1ncon1)N1CCC([C@@H]2CCCCN2C(=O)c2cccnc2-c2ccc(F)c(F)c2)CC1[EOS][EOS][EOS][EOS][EOS],8723.804976940155,42
13.9,CC1Oc2ccc(C(=O)N3C4CCC3CC(NC(=O)c3cccc5ncccc35)C4)cc2NC1=O,[BOS]C[C@H]1Oc2ccc(C(=O)N3[C@@H]4CC[C@H]3C[C@@H](NC(=O)c3cccc5ncccc35)C4)cc2NC1=O[EOS],5221.269600868225,42
13.1,O=S1(=O)N=C(N2CCN(S(=O)(=O)c3cc4c5c(c3)cc(O)n5CCC4)CC2)c2ccccc21,[BOS]O=S1(=O)N=C(N2CCN(S(=O)(=O)c3cc4c5c(c3)cc(O)n5CCC4)CC2)c2ccccc21[EOS],9497.591663122177,42
13.1,Cc1ccc(NCC2CCC3(COCCN(C(=O)c4ccc5c(C)cc(=O)[nH]c5c4)C3)O2)nn1,[BOS]Cc1ccc(NC[C@@H]2CC[C@]3(COCCN(C(=O)c4ccc5c(C)cc(=O)[nH]c5c4)C3)O2)nn1[EOS],4930.636061191559,42
11.7,CC(=O)N1CCC(Cn2c(C(C)Oc3cccc(C)c3C)nnc2N2CCC(C)C(C)(C)C2)CC1,[BOS]CC(=O)N1CCC(Cn2c([C@@H](C)Oc3cccc(C)c3C)nnc2N2CC[C@@H](C)C(C)(C)C2)CC1[EOS][EOS][EOS],9563.256264209747,42
11.1,CCC(=O)N1CCc2ccc(NC(O)=NC3CCOc4ccccc43)cc2CC1,[BOS]CCC(=O)N1CCc2ccc(NC(O)=N[C@H]3CCOc4ccccc43)cc2CC1[EOS],4217.638676404953,42
13.1,COc1c(C)cc(C(=O)N2CCOCC3(C2)CN(C(=O)C2ON=C(c4ccccc4)O2)CCO3)cc1C,[BOS]COc1c(C)cc(C(=O)N2CCOC[C@@]3(C2)CN(C(=O)[C@@H]2ON=C(c4ccccc4)O2)CCO3)cc1C[EOS],8811.551326990128,42
13.1,Cn1c(-c2cc(=O)[nH]c(=O)[nH]2)nnc1N1CC=C(c2cccc3ccccc23)CC1,[BOS]Cn1c(-c2cc(=O)[nH]c(=O)[nH]2)nnc1N1CC=C(c2cccc3ccccc23)CC1[EOS],3304.8213789463043,42
14.1,Cc1nc2ccncc2cc1C(=O)NC1CC2CCC(C1)N2C(=O)C1CC2c3ccccc3C(=O)N2C1,[BOS]Cc1nc2ccncc2cc1C(=O)N[C@H]1C[C@H]2CC[C@@H](C1)N2C(=O)C1CC2c3ccccc3C(=O)N2C1[EOS],8254.19453716278,42
13.6,COC(C(=O)N1CCOC2(CCN(C(=O)c3ccc4c(c3)CCCC4=O)C2)C1)c1ccc(F)cc1,[BOS]CO[C@H](C(=O)N1CCO[C@@]2(CCN(C(=O)c3ccc4c(c3)CCCC4=O)C2)C1)c1ccc(F)cc1[EOS],4293.647058725357,42
11.7,Cc1cc(NC(=O)CC2C(=O)Nc3ccc(F)cc32)nn1-c1ccc(F)cc1F,[BOS]Cc1cc(NC(=O)C[C@H]2C(=O)Nc3ccc(F)cc32)nn1-c1ccc(F)cc1F[EOS],8388.856070518494,42
13.1,Cn1nc(C(=O)NC2CC3CCC(C2)N3C(=O)c2ccc3c(c2)NC(=O)CC3)c2cc(Br)ccc21,[BOS]Cn1nc(C(=O)N[C@H]2C[C@H]3CC[C@@H](C2)N3C(=O)c2ccc3c(c2)NC(=O)CC3)c2cc(Br)ccc21[EOS],4729.525067329407,42
12.9,Cc1c(C(=O)NCC2OCC3CCN(C(=O)CC4OCCc5ccccc54)CC32)nc2ccccn12,[BOS]Cc1c(C(=O)NC[C@@H]2OC[C@@H]3CCN(C(=O)C[C@@H]4OCCc5ccccc54)C[C@@H]32)nc2ccccn12[EOS],10583.682751178741,42
12.9,Cc1cc(F)c(C(=O)N2CCCCC2C2CCN(C(=O)c3cc4c(C)cccc4[nH]3)CC2)cc1F,[BOS]Cc1cc(F)c(C(=O)N2CCCC[C@H]2C2CCN(C(=O)c3cc4c(C)cccc4[nH]3)CC2)cc1F[EOS],5021.697285413742,42
12.0,Cc1ccc(C2(C)CCN(C(=O)C3(c4ccc(Cl)cc4)CCN(C)S(=O)(=O)N3C)C2)cc1,[BOS]Cc1ccc([C@]2(C)CCN(C(=O)C3(c4ccc(Cl)cc4)CCN(C)S(=O)(=O)N3C)C2)cc1[EOS][EOS],9127.753238916397,42
11.9,CCC(=O)N1CCc2ccccc2C1c1cc(=O)n2[nH]c(-c3ccccc3C)cc2n1,[BOS]CCC(=O)N1CCc2ccccc2[C@@H]1c1cc(=O)n2[nH]c(-c3ccccc3C)cc2n1[EOS],4066.6746134757996,42
12.3,CC(NC(=O)N1CCC2(C1)OCc1ccccc12)c1ccc2c(c1)CCCC2,[BOS]C[C@@H](NC(=O)N1CC[C@@]2(C1)OCc1ccccc12)c1ccc2c(c1)CCCC2[EOS],7903.96403670311,42
12.5,Cc1ccc2c(c1)C1=NC=CC=NN1C=C2C(=O)N1CCCC(S(=O)(=O)N2CCc3ccccc32)C1,[BOS]Cc1ccc2c(C(=O)N3CCC[C@@H](S(=O)(=O)N4CCc5ccccc54)C3)cn3ncccnc3c2c1[EOS][EOS],4219.848734140396,42
12.6,O=C(Nc1ccc2c(c1)C(=O)CCC2)C(=O)N1CCCCC(C2CCOC2)C1,[BOS]O=C(Nc1ccc2c(c1)C(=O)CCC2)C(=O)N1CCCC[C@@H]([C@@H]2CCOC2)C1[EOS],8514.0169839859,42
12.5,Cc1c(C(=O)N2C3CCC2CC(NC(=O)C2CCc4ccccc4C2)C3)nc2ccccn12,[BOS]Cc1c(C(=O)N2[C@@H]3CC[C@H]2C[C@@H](NC(=O)[C@H]2CCc4ccccc4C2)C3)nc2ccccn12[EOS],5177.765850782394,42
12.7,O=C(Cc1n[nH]c(=O)c2ccccc12)N1CCN(c2noc3ccccc23)CC1,[BOS]O=C(Cc1n[nH]c(=O)c2ccccc12)N1CCN(c2noc3ccccc23)CC1[EOS],9295.55545949936,42
12.0,O=C1OC(C(=O)Nc2cccc(COc3ccc4c(c3)OCO4)c2)Cc2ccccc21,[BOS]O=C1O[C@H](C(=O)Nc2cccc(COc3ccc4c(c3)OCO4)c2)Cc2ccccc21[EOS],4066.5437841415405,42
13.0,O=C(C1CN(C(=O)Cc2coc3cc4c(cc23)CCC4)c2ccccc2O1)N1CCOCC1,[BOS]O=C([C@H]1CN(C(=O)Cc2coc3cc4c(cc23)CCC4)c2ccccc2O1)N1CCOCC1[EOS][EOS][EOS][EOS][EOS][EOS][EOS][EOS],8917.067361593246,42
13.1,O=C(c1cccc(=O)[nH]1)N1CCC(C2CCCCN2C(=O)c2[nH]cc3c2CCc2ncccc2-3)CC1,[BOS]O=C(c1cccc(=O)[nH]1)N1CCC([C@H]2CCCCN2C(=O)c2[nH]cc3c2CCc2ncccc2-3)CC1[EOS],4788.139542579651,42
12.5,N#Cc1ccc(F)c(C(=O)NCC23CCCOC2CCN(C(=O)c2ccc4c(c2)CCCC4=O)C3)c1,[BOS]N#Cc1ccc(F)c(C(=O)NC[C@@]23CCCO[C@@H]2CCN(C(=O)c2ccc4c(c2)CCCC4=O)C3)c1[EOS],10185.632325649261,42
12.6,CC1c2c(Cl)cc(Cl)cc2CCN1C(=O)NCc1ccc2c(c1)C(=O)NCC2,[BOS]C[C@@H]1c2c(Cl)cc(Cl)cc2CCN1C(=O)NCc1ccc2c(c1)C(=O)NCC2[EOS],3957.202579975128,42
13.0,O=C(Nc1ccc2c(c1)CCC2)N1CC2CN(c3ncccn3)CC2(C(=O)N2CCOCC2)C1,[BOS]O=C(Nc1ccc2c(c1)CCC2)N1C[C@H]2CN(c3ncccn3)C[C@@]2(C(=O)N2CCOCC2)C1[EOS],7818.648219347,42
12.2,CC(NC(=O)c1cc2c(s1)-c1ccccc1C(C)(C)C2)c1ccc(N2CCNC2=O)cc1,[BOS]C[C@@H](NC(=O)c1cc2c(s1)-c1ccccc1C(C)(C)C2)c1ccc(N2CCNC2=O)cc1[EOS],4109.0194227695465,42
13.6,CC(C)C(C(=O)N1CCOC2(CCN(C(=O)c3ccc4c(c3)CCCC4=O)C2)C1)c1ccc(O)cc1,[BOS]CC(C)[C@@H](C(=O)N1CCO[C@]2(CCN(C(=O)c3ccc4c(c3)CCCC4=O)C2)C1)c1ccc(O)cc1[EOS],8705.47700047493,42
13.2,O=C1Nc2ncccc2C2(CCN(C(=O)CC3CCc4c3[nH]c3cc(F)c(F)cc43)CC2)O1,[BOS]O=C1Nc2ncccc2C2(CCN(C(=O)C[C@@H]3CCc4c3[nH]c3cc(F)c(F)cc43)CC2)O1[EOS],4219.527436733246,42
11.7,CC(=O)N1CCC(Cn2ncc(C)c2NC(=O)Nc2cc(C(F)(F)F)cc(C(F)(F)F)c2)CC1,[BOS]CC(=O)N1CCC(Cn2ncc(C)c2NC(=O)Nc2cc(C(F)(F)F)cc(C(F)(F)F)c2)CC1[EOS],9233.041414737701,42
12.8,Cc1ccc2[nH]c(C(=O)NCC34CCCOC3CCN(C(=O)C3CNc5ccccc53)C4)cc2c1,[BOS]Cc1ccc2[nH]c(C(=O)NC[C@@]34CCCO[C@@H]3CCN(C(=O)[C@H]3CNc5ccccc53)C4)cc2c1[EOS],5589.295032501221,42
14.4,O=C(C1Cc2ccccc2C1)N1CCC2(CCCN(C(=O)C3CCc4[nH]c(=O)[nH]c(=O)c4C3)C2)CC1,[BOS]O=C(C1Cc2ccccc2C1)N1CCC2(CCCN(C(=O)[C@H]3CCc4[nH]c(=O)[nH]c(=O)c4C3)C2)CC1[EOS],9869.42731642723,42
11.8,CC(C)(CNC(=O)N1CCC=C(c2ccncc2)C1)c1ccc2ccccc2c1,[BOS]CC(C)(CNC(=O)N1CCC=C(c2ccncc2)C1)c1ccc2ccccc2c1[EOS],4236.439197301865,42
12.9,O=S1(=O)Cc2cnc(N3CCOCC3)nc2C2CN(C3CCc4cc(F)c(F)c(F)c4C3)CC21,[BOS]O=S1(=O)Cc2cnc(N3CCOCC3)nc2[C@H]2CN([C@@H]3CCc4cc(F)c(F)c(F)c4C3)C[C@H]21[EOS],8363.093546152115,42
11.2,O=S(=O)(NC1(Cc2ccc(C(F)(F)F)cc2)CCOC1)C1=Cc2ccccc2OCC1,[BOS]O=S(=O)(N[C@]1(Cc2ccc(C(F)(F)F)cc2)CCOC1)C1=Cc2ccccc2OCC1[EOS],4945.069247961044,42
12.9,CC(=O)Nc1cc(C(=O)N2CCOCC3(C2)CN(C(=O)C2CNc4ccccc42)CCO3)ccc1C,[BOS]CC(=O)Nc1cc(C(=O)N2CCOC[C@]3(C2)CN(C(=O)[C@@H]2CNc4ccccc42)CCO3)ccc1C[EOS],9304.184685468674,42
13.5,O=C1CCc2ccc(C(=O)N3CCC4OCCCC4(CNC(=O)c4cccc5ncccc45)C3)cc2N1,[BOS]O=C1CCc2ccc(C(=O)N3CC[C@H]4OCCC[C@@]4(CNC(=O)c4cccc5ncccc45)C3)cc2N1[EOS][EOS][EOS],5620.273146867752,42
12.9,CC1(C)CN(C(=O)C2(C)CCCN(C(=O)c3ccccc3)C2)CC(c2cccc(C(F)(F)F)c2)O1,[BOS]C[C@]1(C(=O)N2C[C@H](c3cccc(C(F)(F)F)c3)OC(C)(C)C2)CCCN(C(=O)c2ccccc2)C1[EOS],9665.933132886887,42
12.4,CC(=O)N1CCc2c(NC(=O)Nc3ccc4c(c3)Cc3ccccc3-4)cccc21,[BOS]CC(=O)N1CCc2c(NC(=O)Nc3ccc4c(c3)Cc3ccccc3-4)cccc21[EOS],4052.9794692993164,42
12.5,O=C(c1cccc2c1OCC2)N1CCOC2(CCN(C(=O)c3ccnc4c(O)cccc34)C2)C1,[BOS]O=C(c1cccc2c1OCC2)N1CCO[C@@]2(CCN(C(=O)c3ccnc4c(O)cccc34)C2)C1[EOS],8284.477697849274,42
11.9,Cc1c(C(NC(=O)CN2C(=O)c3ccccc3N3C(=O)CCC23C)C(C)C)oc2ccccc12,[BOS]Cc1c([C@H](NC(=O)CN2C(=O)c3ccccc3N3C(=O)CC[C@@]23C)C(C)C)oc2ccccc12[EOS][EOS][EOS][EOS],5202.645320177078,42
13.8,O=C1COc2ccc(C(=O)N3CCC4OCCCC4(CNC(=O)C4CCc5ccccc5C4)C3)cc2N1,[BOS]O=C1COc2ccc(C(=O)N3CC[C@H]4OCCC[C@@]4(CNC(=O)[C@H]4CCc5ccccc5C4)C3)cc2N1[EOS],10587.521276473999,42
11.7,CCc1c(Br)cccc1C(=O)NC1CC2CCC(C1)N2C(=O)c1nc2ccc(F)cn2n1,[BOS]CCc1c(Br)cccc1C(=O)N[C@H]1C[C@H]2CC[C@@H](C1)N2C(=O)c1nc2ccc(F)cn2n1[EOS],4631.01971578598,42
13.0,CC1(C)C=C(C(=O)N2CCOC3(CCN(C(=O)c4ccc(F)c(F)c4)C3)C2)CN1C(=O)c1ccccc1,[BOS]CC1(C)C=C(C(=O)N2CCO[C@]3(CCN(C(=O)c4ccc(F)c(F)c4)C3)C2)CN1C(=O)c1ccccc1[EOS][EOS],9295.348762989044,42
12.0,Cc1oc(-c2cccc(C(F)(F)F)c2)nc1C(=O)N1C(C)COC(c2ccccc2)C1C,[BOS]Cc1oc(-c2cccc(C(F)(F)F)c2)nc1C(=O)N1[C@H](C)CO[C@@H](c2ccccc2)[C@@H]1C[EOS],4527.512743234634,42
12.1,CC1CCN(c2ccc(F)cc2F)CCN1C(=O)C1CCCN(c2nc3ccccc3s2)C1,[BOS]C[C@H]1CCN(c2ccc(F)cc2F)CCN1C(=O)[C@@H]1CCCN(c2nc3ccccc3s2)C1[EOS],8981.372073411942,42
12.0,Cn1c(=O)cc(C(=O)Nc2cc3c4c(c2)CCC(=O)N4CCC3)c2ccccc21,[BOS]Cn1c(=O)cc(C(=O)Nc2cc3c4c(c2)CCC(=O)N4CCC3)c2ccccc21[EOS][EOS][EOS],3583.876031398773,42
12.7,Cc1cc(C(=O)N2CCN(S(=O)(=O)c3c(C)c(C)c(C)c(C)c3C)CC2)c2ccccc2n1,[BOS]Cc1cc(C(=O)N2CCN(S(=O)(=O)c3c(C)c(C)c(C)c(C)c3C)CC2)c2ccccc2n1[EOS],8148.665815114975,42
13.8,O=C(NC1CC2CCC(C1)N2C(=O)C1=C2c3ccccc3C(=O)N2CC1)c1ccnc2ccccc12,[BOS]O=C(N[C@H]1C[C@H]2CC[C@@H](C1)N2C(=O)C1=C2c3ccccc3C(=O)N2CC1)c1ccnc2ccccc12[EOS],5289.081844091415,42
12.4,O=C1CC2(CCCN(C(=O)NCC(=O)N3CCCc4ccccc43)C2)Oc2ccccc21,[BOS]O=C1C[C@@]2(CCCN(C(=O)NCC(=O)N3CCCc4ccccc43)C2)Oc2ccccc21[EOS],9119.913857221603,42
12.1,CC1Oc2cc(C(=O)N3CCC4(CC3)CN(c3ccccc3)C(=O)CO4)ccc2NC1=O,[BOS]C[C@H]1Oc2cc(C(=O)N3CCC4(CC3)CN(c3ccccc3)C(=O)CO4)ccc2NC1=O[EOS],3787.708073616028,42
13.1,COc1cccc2c1CC(C(=O)N1C3CCC1CC(NC(=O)c1[nH]nc4c1CCc1ncccc1-4)C3)CC2,[BOS]COc1cccc2c1C[C@H](C(=O)N1[C@@H]3CC[C@H]1C[C@@H](NC(=O)c1[nH]nc4c1CCc1ncccc1-4)C3)CC2[EOS],9089.019836902618,42
12.5,O=C(Nc1cccc2ccccc12)N1CCN(S(=O)(=O)c2c[nH]c3ncccc23)CC1,[BOS]O=C(Nc1cccc2ccccc12)N1CCN(S(=O)(=O)c2c[nH]c3ncccc23)CC1[EOS],4063.1190469264984,42
11.4,CC(F)(F)c1cccc(-c2noc(C3CC34C(=O)Nc3ccccc34)n2)c1,[BOS]CC(F)(F)c1cccc(-c2noc([C@H]3C[C@@]34C(=O)Nc3ccccc34)n2)c1[EOS],7893.064799308777,42
11.8,Cc1cc(C(NC(=O)N2CCOC3(CCCCC3)C2)c2ccccc2Cl)ccc1F,[BOS]Cc1cc([C@H](NC(=O)N2CCOC3(CCCCC3)C2)c2ccccc2Cl)ccc1F[EOS],3994.275578022003,42
12.2,CC(=O)N1CCC2(c3ccccc3)CCN(C(=O)Cc3[nH]nc4ccccc34)CC12,[BOS]CC(=O)N1CC[C@]2(c3ccccc3)CCN(C(=O)Cc3[nH]nc4ccccc34)C[C@H]12[EOS],8117.0743680000305,42
13.3,O=C(c1cncc(F)c1)N1CCC(C2CCCCN2C(=O)c2cc(Cl)cc3n[nH]nc23)CC1,[BOS]O=C(c1cncc(F)c1)N1CCC([C@H]2CCCCN2C(=O)c2cc(Cl)cc3n[nH]nc23)CC1[EOS],4736.481320381165,42
12.4,COc1c(C)cc(C(=O)N2CCC3OCCCC3(CNC(=O)CC3Cc4ccccc4C3)C2)cc1C,[BOS]COc1c(C)cc(C(=O)N2CC[C@H]3OCCC[C@@]3(CNC(=O)CC3Cc4ccccc4C3)C2)cc1C[EOS],10073.157405614853,42
12.0,CS(=O)(=O)N1CCC2(c3ccccc3)CCN(C(=O)Cc3[nH]nc4ccc(O)cc34)CC12,[BOS]CS(=O)(=O)N1CC[C@]2(c3ccccc3)CCN(C(=O)Cc3[nH]nc4ccc(O)cc34)C[C@H]12[EOS],4343.269321680069,42
12.7,Cc1ccc(-c2nnc(N3CCC4(C3)C(=O)Nc3ccccc34)n2C)cc1C(F)(F)F,[BOS]Cc1ccc(-c2nnc(N3CC[C@]4(C3)C(=O)Nc3ccccc34)n2C)cc1C(F)(F)F[EOS],8279.821571588516,42
13.9,O=C(Nc1nc2c(s1)CCCC2C(=O)N1CCc2ccccc2C1)c1ccc2c(c1)CCCC2=O,[BOS]O=C(Nc1nc2c(s1)CCC[C@H]2C(=O)N1CCc2ccccc2C1)c1ccc2c(c1)CCCC2=O[EOS],3977.132794857025,42
13.3,O=C(NC1CC2CCC(C1)N2C(=O)C1COc2ccccc2O1)c1cccc2ccccc12,[BOS]O=C(N[C@H]1C[C@H]2CC[C@@H](C1)N2C(=O)[C@@H]1COc2ccccc2O1)c1cccc2ccccc12[EOS],8845.416208744049,42
13.3,O=C1NCc2ccc(C(=O)N3CCC4C3CCN4C(=O)c3cccc(-n4cncn4)c3)cc21,[BOS]O=C1NCc2ccc(C(=O)N3CC[C@H]4[C@@H]3CCN4C(=O)c3cccc(-n4cncn4)c3)cc21[EOS][EOS][EOS][EOS][EOS][EOS],5203.514225244522,42
13.0,CC1Oc2ccc(C(=O)NC3CC4CCC(C3)N4C(=O)c3ccc4c(c3)CCCC4=O)cc2NC1=O,[BOS]C[C@@H]1Oc2ccc(C(=O)N[C@H]3C[C@H]4CC[C@@H](C3)N4C(=O)c3ccc4c(c3)CCCC4=O)cc2NC1=O[EOS],10170.041961431503,42
12.1,O=C(NCc1cccc2ncccc12)NC1CCCN(c2cc(N3CCOCC3)ncn2)C1,[BOS]O=C(NCc1cccc2ncccc12)N[C@H]1CCCN(c2cc(N3CCOCC3)ncn2)C1[EOS],4489.857420682907,42
12.4,Cc1c(C(=O)N2CC(=O)Nc3cc(F)c(F)cc32)oc2c1ccc1ccccc12,[BOS]Cc1c(C(=O)N2CC(=O)Nc3cc(F)c(F)cc32)oc2c1ccc1ccccc12[EOS],8122.687915563583,42
12.9,CC1CCc2c1n[nH]c2C(=O)N1CCOC2(CCN(C(=O)c3cnc4cccc(Cl)c4c3)C2)C1,[BOS]C[C@H]1CCc2c1n[nH]c2C(=O)N1CCO[C@@]2(CCN(C(=O)c3cnc4cccc(Cl)c4c3)C2)C1[EOS],4547.425173521042,42
12.4,O=C(CCc1cncc(C(F)(F)F)c1)N1C2CCC1CC(NC(=O)C1(F)CCCCC1(F)F)C2,[BOS]O=C(CCc1cncc(C(F)(F)F)c1)N1[C@@H]2CC[C@H]1C[C@@H](NC(=O)[C@]1(F)CCCCC1(F)F)C2[EOS],10041.503287315369,42
11.9,CC(CC(=O)N1CCOC2(CCc3ccccc32)C1)c1ccc(C(F)(F)F)cc1,[BOS]C[C@H](CC(=O)N1CCO[C@@]2(CCc3ccccc32)C1)c1ccc(C(F)(F)F)cc1[EOS],4318.115300893784,42
12.6,Cc1cccc(C(=O)Nc2cc(C3CCCCN3C(=O)C3CCC4CCC(=O)N4C3)[nH]n2)c1F,[BOS]Cc1cccc(C(=O)Nc2cc([C@@H]3CCCCN3C(=O)[C@H]3CC[C@H]4CCC(=O)N4C3)[nH]n2)c1F[EOS],8997.812364816666,42
13.2,Cc1c(C(=O)N2CCCCC2C2CCN(C(=O)c3cccc4c3OCCO4)CC2)oc2ccccc12,[BOS]Cc1c(C(=O)N2CCCC[C@H]2C2CCN(C(=O)c3cccc4c3OCCO4)CC2)oc2ccccc12[EOS],5240.26598572731,42
12.8,Cc1ccc(O)c(C(=O)NC2CC3CCC(C2)N3C(=O)C2C3CCCC2c2ccccc2N3)c1,[BOS]Cc1ccc(O)c(C(=O)N[C@H]2C[C@H]3CC[C@@H](C2)N3C(=O)[C@H]2[C@@H]3CCC[C@H]2c2ccccc2N3)c1[EOS],10449.658430814743,42
12.7,CC1CN(c2cccc3cnccc23)CCN1C(=O)C1CCC2(CC1)NC(=O)NC2=O,[BOS]C[C@@H]1CN(c2cccc3cnccc23)CCN1C(=O)C1CCC2(CC1)NC(=O)NC2=O[EOS][EOS][EOS],4753.843101263046,42
12.1,Cc1ccc(CNC(=O)c2ccn3c(C4CCOCC4)nnc3c2)c2ccccc12,[BOS]Cc1ccc(CNC(=O)c2ccn3c(C4CCOCC4)nnc3c2)c2ccccc12[EOS],8989.037662506104,42
13.4,O=C(C1CC1c1cccc2ccccc12)N1CCC2CCC(C1)N2C(=O)c1cccc(F)c1F,[BOS]O=C([C@@H]1C[C@@H]1c1cccc2ccccc12)N1CC[C@H]2CC[C@@H](C1)N2C(=O)c1cccc(F)c1F[EOS],4133.747853040695,42
13.6,O=C(NCC12CCCOC1CCN(C(=O)c1ccc3c(c1)COC3)C2)c1cnnc2ccccc12,[BOS]O=C(NC[C@@]12CCCO[C@@H]1CCN(C(=O)c1ccc3c(c1)COC3)C2)c1cnnc2ccccc12[EOS],9853.833604574203,42
12.6,Cc1ccc(C2(C(=O)N3CCCCC3C3CCN(C(=O)c4n[nH]c5ccncc45)CC3)CC2)cc1C,[BOS]Cc1ccc(C2(C(=O)N3CCCC[C@@H]3C3CCN(C(=O)c4n[nH]c5ccncc45)CC3)CC2)cc1C[EOS],5723.5618097782135,42
12.3,N#Cc1ccc2[nH]nc(C(=O)N3C4CCC3CC(NC(=O)C3CC3c3ccc(F)c(F)c3)C4)c2c1,[BOS]N#Cc1ccc2[nH]nc(C(=O)N3[C@@H]4CC[C@H]3C[C@@H](NC(=O)[C@H]3C[C@H]3c3ccc(F)c(F)c3)C4)c2c1[EOS],10899.956372261047,42
11.4,CC(C(=O)N1CCOCC2(CN(C(=O)CCN3Cc4ccccc4C3=O)CCO2)C1)n1cnnn1,[BOS]C[C@H](C(=O)N1CCOC[C@]2(CN(C(=O)CCN3Cc4ccccc4C3=O)CCO2)C1)n1cnnn1[EOS][EOS][EOS][EOS][EOS],4620.484659671783,42
13.4,Cc1ccc(C(=O)NCC23CCCOC2CCN(C(=O)CCc2ccc(C)c4ccccc24)C3)c(=O)[nH]1,[BOS]Cc1ccc(C(=O)NC[C@@]23CCCO[C@@H]2CCN(C(=O)CCc2ccc(C)c4ccccc24)C3)c(=O)[nH]1[EOS],10539.537110090256,42
12.8,CC(Nc1ccccn1)C(=O)N1CCOC2(CCN(C(=O)c3ccc4occ(Cl)c4c3)C2)C1,[BOS]C[C@@H](Nc1ccccn1)C(=O)N1CCO[C@]2(CCN(C(=O)c3ccc4occ(Cl)c4c3)C2)C1[EOS],5147.767373561859,42
12.8,O=C(c1cc(-c2ccccc2Cl)n[nH]1)N1CC2COCC(C1)C2NC(=O)C1(F)CCCCC1(F)F,[BOS]O=C(c1cc(-c2ccccc2Cl)n[nH]1)N1C[C@H]2COC[C@@H](C1)[C@H]2NC(=O)[C@]1(F)CCCCC1(F)F[EOS],10035.952450275421,42
13.4,Cc1cccn2ncc(C(=O)N3CCCCC3C3CCN(C(=O)c4ccc5c(c4)CCCC5=O)CC3)c12,[BOS]Cc1cccn2ncc(C(=O)N3CCCC[C@H]3C3CCN(C(=O)c4ccc5c(c4)CCCC5=O)CC3)c12[EOS],5107.675924539566,42
11.5,Cc1c(C(C)NC(=O)C(=O)N2CCN(C(=O)Cn3cnnn3)CC2)oc2ccccc12,[BOS]Cc1c([C@@H](C)NC(=O)C(=O)N2CCN(C(=O)Cn3cnnn3)CC2)oc2ccccc12[EOS],9716.65014052391,42
